{
    "detection": [
        {
            "det_cat": 1,
            "det_name": "Conveyors",
            "det_x": 0.5745833516120911,
            "det_y": 0.5961250066757202,
            "det_w": 0.5441666841506958,
            "det_h": 0.6352499723434448,
            "det_score": 0.5366392731666565
        },
        {
            "det_cat": 1,
            "det_name": "Conveyors",
            "det_x": 0.6209166646003723,
            "det_y": 0.581125020980835,
            "det_w": 0.6728333234786987,
            "det_h": 0.8377500176429749,
            "det_score": 0.6550549864768982
        }
    ],
    "img_path": "/Users/kritkorns/Mike/Jacob/AdvancedProject2/rawdata/machine/images/IMG_0534.JPG",
    "img_name": "IMG_0534",
    "img_id": "2a9f76ffa61a3652f941a4ea2229fa79aa702f345dae453d484294b3176658fb"
}