{
    "detection": [
        {
            "det_cat": 6,
            "det_name": "Robot",
            "det_x": 0.9472500085830688,
            "det_y": 0.7160000205039978,
            "det_w": 0.09149999916553497,
            "det_h": 0.5680000185966492,
            "det_score": 0.28258225321769714
        },
        {
            "det_cat": 5,
            "det_name": "Printer3D",
            "det_x": 0.9153333306312561,
            "det_y": 0.49687498807907104,
            "det_w": 0.12666666507720947,
            "det_h": 0.2617500126361847,
            "det_score": 0.5465512275695801
        },
        {
            "det_cat": 6,
            "det_name": "Robot",
            "det_x": 0.6312500238418579,
            "det_y": 0.43012499809265137,
            "det_w": 0.2515000104904175,
            "det_h": 0.4957500100135803,
            "det_score": 0.6387678980827332
        },
        {
            "det_cat": 5,
            "det_name": "Printer3D",
            "det_x": 0.9152500033378601,
            "det_y": 0.49799999594688416,
            "det_w": 0.09516666829586029,
            "det_h": 0.15049999952316284,
            "det_score": 0.6524924635887146
        }
    ],
    "img_path": "/Users/kritkorns/Mike/Jacob/AdvancedProject2/rawdata/machine/images/IMG_0314.JPG",
    "img_name": "IMG_0314",
    "img_id": "2138316d0ee28cd7482379c5916787db63b13a4d21f764300c15c3b687c7643c"
}