{
    "detection": [
        {
            "det_cat": 4,
            "det_name": "MillingMachine",
            "det_x": 0.2588333189487457,
            "det_y": 0.3240000009536743,
            "det_w": 0.2486666738986969,
            "det_h": 0.5864999890327454,
            "det_score": 0.3198756277561188
        },
        {
            "det_cat": 4,
            "det_name": "MillingMachine",
            "det_x": 0.5325833559036255,
            "det_y": 0.5,
            "det_w": 0.6731666922569275,
            "det_h": 1.0,
            "det_score": 0.5378015637397766
        }
    ],
    "img_path": "/Users/kritkorns/Mike/Jacob/AdvancedProject2/rawdata/machine/images/IMG_0814.JPG",
    "img_name": "IMG_0814",
    "img_id": "5f8f6e9b54a3e96402a2168e0d6a12ed1b141791fccc9fc10824b7d156425324"
}