{
    "detection": [
        {
            "det_cat": 6,
            "det_name": "Robot",
            "det_x": 0.9549166560173035,
            "det_y": 0.5577499866485596,
            "det_w": 0.09016666561365128,
            "det_h": 0.3569999933242798,
            "det_score": 0.3836272358894348
        },
        {
            "det_cat": 6,
            "det_name": "Robot",
            "det_x": 0.8429166674613953,
            "det_y": 0.5899999737739563,
            "det_w": 0.22750000655651093,
            "det_h": 0.44600000977516174,
            "det_score": 0.412830114364624
        },
        {
            "det_cat": 6,
            "det_name": "Robot",
            "det_x": 0.9620000123977661,
            "det_y": 0.5602499842643738,
            "det_w": 0.07599999755620956,
            "det_h": 0.2709999978542328,
            "det_score": 0.5098675489425659
        },
        {
            "det_cat": 6,
            "det_name": "Robot",
            "det_x": 0.8379999995231628,
            "det_y": 0.5853750109672546,
            "det_w": 0.18199999630451202,
            "det_h": 0.3257499933242798,
            "det_score": 0.6588053703308105
        }
    ],
    "img_path": "/Users/kritkorns/Mike/Jacob/AdvancedProject2/rawdata/machine/images/IMG_0263.JPG",
    "img_name": "IMG_0263",
    "img_id": "2ab54a377e968d8629c1dc4d66466955076b6eb25ce67d9be17ba9ff59d02426"
}