{
    "detection": [
        {
            "det_cat": 6,
            "det_name": "Robot",
            "det_x": 0.9309999942779541,
            "det_y": 0.24837499856948853,
            "det_w": 0.11100000143051147,
            "det_h": 0.3187499940395355,
            "det_score": 0.34486496448516846
        },
        {
            "det_cat": 1,
            "det_name": "Conveyors",
            "det_x": 0.281333327293396,
            "det_y": 0.5117499828338623,
            "det_w": 0.562666654586792,
            "det_h": 0.4009999930858612,
            "det_score": 0.3503235876560211
        },
        {
            "det_cat": 6,
            "det_name": "Robot",
            "det_x": 0.6709166765213013,
            "det_y": 0.44487500190734863,
            "det_w": 0.17083333432674408,
            "det_h": 0.3812499940395355,
            "det_score": 0.6861878037452698
        }
    ],
    "img_path": "/Users/kritkorns/Mike/Jacob/AdvancedProject2/rawdata/machine/images/IMG_0587.JPG",
    "img_name": "IMG_0587",
    "img_id": "4c0a241145291de42341f7b368beabebbc23196588c78add30297cac9b2ffdb0"
}