{
    "detection": [
        {
            "det_cat": 6,
            "det_name": "Robot",
            "det_x": 0.08091666549444199,
            "det_y": 0.47200000286102295,
            "det_w": 0.16183333098888397,
            "det_h": 0.3580000102519989,
            "det_score": 0.3843138515949249
        },
        {
            "det_cat": 6,
            "det_name": "Robot",
            "det_x": 0.07349999994039536,
            "det_y": 0.4886249899864197,
            "det_w": 0.1313333362340927,
            "det_h": 0.2707499861717224,
            "det_score": 0.48961105942726135
        },
        {
            "det_cat": 6,
            "det_name": "Robot",
            "det_x": 0.503000020980835,
            "det_y": 0.4399999976158142,
            "det_w": 0.1653333306312561,
            "det_h": 0.4050000011920929,
            "det_score": 0.6934146881103516
        }
    ],
    "img_path": "/Users/kritkorns/Mike/Jacob/AdvancedProject2/rawdata/machine/images/IMG_0212.JPG",
    "img_name": "IMG_0212",
    "img_id": "6b5338aeafa3c5e2fac7258293e132a3fba0d8f88925f2bcf55f6de684869b11"
}