{
    "detection": [
        {
            "det_cat": 4,
            "det_name": "MillingMachine",
            "det_x": 0.32850000262260437,
            "det_y": 0.4749999940395355,
            "det_w": 0.23333333432674408,
            "det_h": 0.3294999897480011,
            "det_score": 0.5605108737945557
        },
        {
            "det_cat": 4,
            "det_name": "MillingMachine",
            "det_x": 0.6256666779518127,
            "det_y": 0.5106250047683716,
            "det_w": 0.46566668152809143,
            "det_h": 0.7752500176429749,
            "det_score": 0.5986531972885132
        }
    ],
    "img_path": "/Users/kritkorns/Mike/Jacob/AdvancedProject2/rawdata/machine/images/IMG_0763.JPG",
    "img_name": "IMG_0763",
    "img_id": "ef037674ac4c31cd0507620892b8eca06a63551bf9a257e2aabdf042ef32b563"
}