{
    "detection": [
        {
            "det_cat": 6,
            "det_name": "Robot",
            "det_x": 0.5115000009536743,
            "det_y": 0.3791249990463257,
            "det_w": 0.10700000077486038,
            "det_h": 0.39024999737739563,
            "det_score": 0.36065763235092163
        },
        {
            "det_cat": 6,
            "det_name": "Robot",
            "det_x": 0.597000002861023,
            "det_y": 0.4813750088214874,
            "det_w": 0.20033332705497742,
            "det_h": 0.3842499852180481,
            "det_score": 0.479428231716156
        }
    ],
    "img_path": "/Users/kritkorns/Mike/Jacob/AdvancedProject2/rawdata/machine/images/IMG_0612.JPG",
    "img_name": "IMG_0612",
    "img_id": "977e92ee7d5bf51d66884820376eea1eb0c8e06ee2e8d0a9c58e3dd5de3f39df"
}