{
    "detection": [
        {
            "det_cat": 6,
            "det_name": "Robot",
            "det_x": 0.7350833415985107,
            "det_y": 0.5049999952316284,
            "det_w": 0.20283333957195282,
            "det_h": 0.414000004529953,
            "det_score": 0.5119944214820862
        },
        {
            "det_cat": 6,
            "det_name": "Robot",
            "det_x": 0.6032500267028809,
            "det_y": 0.41574999690055847,
            "det_w": 0.1888333261013031,
            "det_h": 0.5235000252723694,
            "det_score": 0.6174352169036865
        }
    ],
    "img_path": "/Users/kritkorns/Mike/Jacob/AdvancedProject2/rawdata/machine/images/IMG_0248.JPG",
    "img_name": "IMG_0248",
    "img_id": "1283ee9a3124012cd2f9bb9eca6be69b9be37554ebfd714cf8c53fa6673ba5c1"
}