{
    "detection": [
        {
            "det_cat": 6,
            "det_name": "Robot",
            "det_x": 0.17991666495800018,
            "det_y": 0.4111250042915344,
            "det_w": 0.35983332991600037,
            "det_h": 0.8222500085830688,
            "det_score": 0.6827467679977417
        },
        {
            "det_cat": 6,
            "det_name": "Robot",
            "det_x": 0.42258334159851074,
            "det_y": 0.33787500858306885,
            "det_w": 0.1588333398103714,
            "det_h": 0.44574999809265137,
            "det_score": 0.7162153720855713
        }
    ],
    "img_path": "/Users/kritkorns/Mike/Jacob/AdvancedProject2/rawdata/machine/images/IMG_0552.JPG",
    "img_name": "IMG_0552",
    "img_id": "16a15e7c2d24943a23a91b526e88dfb09198b906cbe174d76ba04650274629a0"
}