{
    "detection": [
        {
            "det_cat": 5,
            "det_name": "Printer3D",
            "det_x": 0.4752500057220459,
            "det_y": 0.4846250116825104,
            "det_w": 0.1511666625738144,
            "det_h": 0.3257499933242798,
            "det_score": 0.3025553226470947
        },
        {
            "det_cat": 5,
            "det_name": "Printer3D",
            "det_x": 0.6054999828338623,
            "det_y": 0.5072500109672546,
            "det_w": 0.15133333206176758,
            "det_h": 0.32899999618530273,
            "det_score": 0.37050560116767883
        },
        {
            "det_cat": 5,
            "det_name": "Printer3D",
            "det_x": 0.6021666526794434,
            "det_y": 0.5042499899864197,
            "det_w": 0.12099999934434891,
            "det_h": 0.2004999965429306,
            "det_score": 0.5735423564910889
        },
        {
            "det_cat": 5,
            "det_name": "Printer3D",
            "det_x": 0.48233333230018616,
            "det_y": 0.4871250092983246,
            "det_w": 0.14733333885669708,
            "det_h": 0.2082500010728836,
            "det_score": 0.6187548041343689
        }
    ],
    "img_path": "/Users/kritkorns/Mike/Jacob/AdvancedProject2/rawdata/machine/images/IMG_0416.JPG",
    "img_name": "IMG_0416",
    "img_id": "cc68952ce3a786afea7dc1196b1ae8925f6216d762b014f1029eb6c36669e46b"
}