{
    "detection": [
        {
            "det_cat": 6,
            "det_name": "Robot",
            "det_x": 0.382750004529953,
            "det_y": 0.4751250147819519,
            "det_w": 0.33783334493637085,
            "det_h": 0.9502500295639038,
            "det_score": 0.3280993700027466
        },
        {
            "det_cat": 6,
            "det_name": "Robot",
            "det_x": 0.6200000047683716,
            "det_y": 0.45399999618530273,
            "det_w": 0.4013333320617676,
            "det_h": 0.8694999814033508,
            "det_score": 0.33638161420822144
        },
        {
            "det_cat": 6,
            "det_name": "Robot",
            "det_x": 0.23716667294502258,
            "det_y": 0.5,
            "det_w": 0.47433334589004517,
            "det_h": 1.0,
            "det_score": 0.4442070424556732
        }
    ],
    "img_path": "/Users/kritkorns/Mike/Jacob/AdvancedProject2/rawdata/machine/images/IMG_0568.JPG",
    "img_name": "IMG_0568",
    "img_id": "bd6adbb055eaf8a2a2e6b120cf697a0e4f84a86787577766150341145724ad01"
}