{
    "detection": [
        {
            "det_cat": 1,
            "det_name": "Conveyors",
            "det_x": 0.5361666679382324,
            "det_y": 0.531624972820282,
            "det_w": 0.5669999718666077,
            "det_h": 0.49125000834465027,
            "det_score": 0.450592577457428
        },
        {
            "det_cat": 1,
            "det_name": "Conveyors",
            "det_x": 0.577833354473114,
            "det_y": 0.5246250033378601,
            "det_w": 0.6903333067893982,
            "det_h": 0.690750002861023,
            "det_score": 0.6693616509437561
        }
    ],
    "img_path": "/Users/kritkorns/Mike/Jacob/AdvancedProject2/rawdata/machine/images/IMG_0532.JPG",
    "img_name": "IMG_0532",
    "img_id": "5a8fd3b654007f5bc284a26788045866b71e2fb60fa62a4495c0b718bd7dd37e"
}