{
    "detection": [
        {
            "det_cat": 4,
            "det_name": "MillingMachine",
            "det_x": 0.9050833582878113,
            "det_y": 0.5845000147819519,
            "det_w": 0.18983332812786102,
            "det_h": 0.8309999704360962,
            "det_score": 0.31810835003852844
        },
        {
            "det_cat": 4,
            "det_name": "MillingMachine",
            "det_x": 0.5340833067893982,
            "det_y": 0.637374997138977,
            "det_w": 0.5291666388511658,
            "det_h": 0.7202500104904175,
            "det_score": 0.5447118282318115
        },
        {
            "det_cat": 0,
            "det_name": "BandSaw",
            "det_x": 0.5768333077430725,
            "det_y": 0.7365000247955322,
            "det_w": 0.5370000004768372,
            "det_h": 0.5270000100135803,
            "det_score": 0.6329903602600098
        }
    ],
    "img_path": "/Users/kritkorns/Mike/Jacob/AdvancedProject2/rawdata/machine/images/IMG_0806.JPG",
    "img_name": "IMG_0806",
    "img_id": "0c6b04531410cc568f58d1bed977a8dddc626c99876d64c773f402cb20ccd66f"
}