{
    "detection": [
        {
            "det_cat": 5,
            "det_name": "Printer3D",
            "det_x": 0.1860000044107437,
            "det_y": 0.23987500369548798,
            "det_w": 0.1106666699051857,
            "det_h": 0.22824999690055847,
            "det_score": 0.28783199191093445
        },
        {
            "det_cat": 5,
            "det_name": "Printer3D",
            "det_x": 0.18141666054725647,
            "det_y": 0.23624999821186066,
            "det_w": 0.08483333140611649,
            "det_h": 0.15950000286102295,
            "det_score": 0.3073897063732147
        },
        {
            "det_cat": 4,
            "det_name": "MillingMachine",
            "det_x": 0.5425000190734863,
            "det_y": 0.5,
            "det_w": 0.5793333053588867,
            "det_h": 1.0,
            "det_score": 0.5035828948020935
        }
    ],
    "img_path": "/Users/kritkorns/Mike/Jacob/AdvancedProject2/rawdata/machine/images/IMG_0660.JPG",
    "img_name": "IMG_0660",
    "img_id": "d43c3c52d95de496325220c95fe4a5dc57e13aa6b6bc203161577ff961a5047f"
}