{
    "detection": [
        {
            "det_cat": 4,
            "det_name": "MillingMachine",
            "det_x": 0.11550000309944153,
            "det_y": 0.20662499964237213,
            "det_w": 0.2280000001192093,
            "det_h": 0.41324999928474426,
            "det_score": 0.332818865776062
        },
        {
            "det_cat": 4,
            "det_name": "MillingMachine",
            "det_x": 0.6354166865348816,
            "det_y": 0.5550000071525574,
            "det_w": 0.5068333148956299,
            "det_h": 0.8899999856948853,
            "det_score": 0.6225237846374512
        }
    ],
    "img_path": "/Users/kritkorns/Mike/Jacob/AdvancedProject2/rawdata/machine/images/IMG_0700.JPG",
    "img_name": "IMG_0700",
    "img_id": "bc444fc490227aed8bac50bc28420baa66e74b0729dec767de29552abea39c3a"
}