{
    "detection": [
        {
            "det_cat": 6,
            "det_name": "Robot",
            "det_x": 0.8056666851043701,
            "det_y": 0.37462499737739563,
            "det_w": 0.3713333308696747,
            "det_h": 0.7492499947547913,
            "det_score": 0.388479620218277
        },
        {
            "det_cat": 6,
            "det_name": "Robot",
            "det_x": 0.7748333215713501,
            "det_y": 0.4334999918937683,
            "det_w": 0.4503333270549774,
            "det_h": 0.8669999837875366,
            "det_score": 0.649237334728241
        },
        {
            "det_cat": 6,
            "det_name": "Robot",
            "det_x": 0.5606666803359985,
            "det_y": 0.5137500166893005,
            "det_w": 0.4493333399295807,
            "det_h": 0.9085000157356262,
            "det_score": 0.6517345905303955
        }
    ],
    "img_path": "/Users/kritkorns/Mike/Jacob/AdvancedProject2/rawdata/machine/images/IMG_0573.JPG",
    "img_name": "IMG_0573",
    "img_id": "bca78765ca006241e454f3589a57b20e147e349eaff4890d040510cb21552ee7"
}