{
    "detection": [
        {
            "det_cat": 4,
            "det_name": "MillingMachine",
            "det_x": 0.7222499847412109,
            "det_y": 0.7256249785423279,
            "det_w": 0.5554999709129333,
            "det_h": 0.5487499833106995,
            "det_score": 0.3740381598472595
        },
        {
            "det_cat": 0,
            "det_name": "BandSaw",
            "det_x": 0.6237499713897705,
            "det_y": 0.4259999990463257,
            "det_w": 0.3801666796207428,
            "det_h": 0.5180000066757202,
            "det_score": 0.5748408436775208
        }
    ],
    "img_path": "/Users/kritkorns/Mike/Jacob/AdvancedProject2/rawdata/machine/images/IMG_1052.JPG",
    "img_name": "IMG_1052",
    "img_id": "d3c5146735ad9a071b7ede2e1e6b928ec2c529ff41793cc7d3124718b1474381"
}