{
    "detection": [
        {
            "det_cat": 6,
            "det_name": "Robot",
            "det_x": 0.5555833578109741,
            "det_y": 0.47962498664855957,
            "det_w": 0.3384999930858612,
            "det_h": 0.8447499871253967,
            "det_score": 0.3061339557170868
        },
        {
            "det_cat": 6,
            "det_name": "Robot",
            "det_x": 0.5574166774749756,
            "det_y": 0.5,
            "det_w": 0.4221666753292084,
            "det_h": 1.0,
            "det_score": 0.6334424614906311
        }
    ],
    "img_path": "/Users/kritkorns/Mike/Jacob/AdvancedProject2/rawdata/machine/images/IMG_0326.JPG",
    "img_name": "IMG_0326",
    "img_id": "d547ac290ff1f74630d221188d33df2057a84f4e18f6adb5246b1ba8c22c38c4"
}