{
    "detection": [
        {
            "det_cat": 4,
            "det_name": "MillingMachine",
            "det_x": 0.856166660785675,
            "det_y": 0.46837499737739563,
            "det_w": 0.2876666784286499,
            "det_h": 0.765250027179718,
            "det_score": 0.3606337904930115
        },
        {
            "det_cat": 4,
            "det_name": "MillingMachine",
            "det_x": 0.5247499942779541,
            "det_y": 0.46149998903274536,
            "det_w": 0.4741666615009308,
            "det_h": 0.8955000042915344,
            "det_score": 0.5796401500701904
        }
    ],
    "img_path": "/Users/kritkorns/Mike/Jacob/AdvancedProject2/rawdata/machine/images/IMG_0771.JPG",
    "img_name": "IMG_0771",
    "img_id": "7249dc697411a2970206ea91be533420b4f453ce8e8661bfffe6857ebebffab9"
}