{
    "detection": [
        {
            "det_cat": 5,
            "det_name": "Printer3D",
            "det_x": 0.09783333539962769,
            "det_y": 0.08749999850988388,
            "det_w": 0.054999999701976776,
            "det_h": 0.07599999755620956,
            "det_score": 0.3741397559642792
        },
        {
            "det_cat": 5,
            "det_name": "Printer3D",
            "det_x": 0.06525000184774399,
            "det_y": 0.09849999845027924,
            "det_w": 0.07583333551883698,
            "det_h": 0.19699999690055847,
            "det_score": 0.38271528482437134
        },
        {
            "det_cat": 5,
            "det_name": "Printer3D",
            "det_x": 0.058916665613651276,
            "det_y": 0.08500000089406967,
            "det_w": 0.06016666814684868,
            "det_h": 0.1120000034570694,
            "det_score": 0.42283669114112854
        },
        {
            "det_cat": 1,
            "det_name": "Conveyors",
            "det_x": 0.4390833377838135,
            "det_y": 0.5361250042915344,
            "det_w": 0.8708333373069763,
            "det_h": 0.9277499914169312,
            "det_score": 0.43205463886260986
        }
    ],
    "img_path": "/Users/kritkorns/Mike/Jacob/AdvancedProject2/rawdata/machine/images/IMG_0510.JPG",
    "img_name": "IMG_0510",
    "img_id": "978d9ff099bb86b776890bf95b33bfe85e390da7e807a0af858f72b9faf5c28e"
}