{
    "detection": [
        {
            "det_cat": 0,
            "det_name": "BandSaw",
            "det_x": 0.8552500009536743,
            "det_y": 0.33762499690055847,
            "det_w": 0.15216666460037231,
            "det_h": 0.19325000047683716,
            "det_score": 0.3199923038482666
        },
        {
            "det_cat": 4,
            "det_name": "MillingMachine",
            "det_x": 0.518750011920929,
            "det_y": 0.5,
            "det_w": 0.7804999947547913,
            "det_h": 1.0,
            "det_score": 0.5786400437355042
        },
        {
            "det_cat": 0,
            "det_name": "BandSaw",
            "det_x": 0.9150833487510681,
            "det_y": 0.5567499995231628,
            "det_w": 0.16983333230018616,
            "det_h": 0.3370000123977661,
            "det_score": 0.6154899597167969
        }
    ],
    "img_path": "/Users/kritkorns/Mike/Jacob/AdvancedProject2/rawdata/machine/images/IMG_0739.JPG",
    "img_name": "IMG_0739",
    "img_id": "306f157b5f0de936d3850c72428124ac424f61edaef615bf5c766b837c3d2260"
}