{
    "detection": [
        {
            "det_cat": 0,
            "det_name": "BandSaw",
            "det_x": 0.9112499952316284,
            "det_y": 0.5882499814033508,
            "det_w": 0.17749999463558197,
            "det_h": 0.22599999606609344,
            "det_score": 0.44488686323165894
        },
        {
            "det_cat": 0,
            "det_name": "BandSaw",
            "det_x": 0.909416675567627,
            "det_y": 0.5972499847412109,
            "det_w": 0.1535000056028366,
            "det_h": 0.3395000100135803,
            "det_score": 0.5801764130592346
        },
        {
            "det_cat": 4,
            "det_name": "MillingMachine",
            "det_x": 0.5868333578109741,
            "det_y": 0.5528749823570251,
            "det_w": 0.5746666789054871,
            "det_h": 0.8942499756813049,
            "det_score": 0.7227685451507568
        }
    ],
    "img_path": "/Users/kritkorns/Mike/Jacob/AdvancedProject2/rawdata/machine/images/IMG_0789.JPG",
    "img_name": "IMG_0789",
    "img_id": "9b0acd20edbb1d2da08f606570669f958adfb5481943ed72cf842cee8b1446cc"
}