{
    "detection": [
        {
            "det_cat": 5,
            "det_name": "Printer3D",
            "det_x": 0.971666693687439,
            "det_y": 0.4622499942779541,
            "det_w": 0.056333333253860474,
            "det_h": 0.19949999451637268,
            "det_score": 0.2555620074272156
        },
        {
            "det_cat": 6,
            "det_name": "Robot",
            "det_x": 0.11783333122730255,
            "det_y": 0.44987499713897705,
            "det_w": 0.2356666624546051,
            "det_h": 0.8997499942779541,
            "det_score": 0.6193140149116516
        },
        {
            "det_cat": 6,
            "det_name": "Robot",
            "det_x": 0.3323333263397217,
            "det_y": 0.46825000643730164,
            "det_w": 0.3070000112056732,
            "det_h": 0.6424999833106995,
            "det_score": 0.6814204454421997
        },
        {
            "det_cat": 6,
            "det_name": "Robot",
            "det_x": 0.6190000176429749,
            "det_y": 0.3618749976158142,
            "det_w": 0.1979999989271164,
            "det_h": 0.4032500088214874,
            "det_score": 0.7244197130203247
        }
    ],
    "img_path": "/Users/kritkorns/Mike/Jacob/AdvancedProject2/rawdata/machine/images/IMG_0319.JPG",
    "img_name": "IMG_0319",
    "img_id": "79260789ff9ce234333b81fe2c24209edc1383f74ca0fd9a808b1365f1a227d2"
}