{
    "detection": [
        {
            "det_cat": 4,
            "det_name": "MillingMachine",
            "det_x": 0.8695833086967468,
            "det_y": 0.5461249947547913,
            "det_w": 0.2608333230018616,
            "det_h": 0.6962500214576721,
            "det_score": 0.42296063899993896
        },
        {
            "det_cat": 4,
            "det_name": "MillingMachine",
            "det_x": 0.19425000250339508,
            "det_y": 0.7042499780654907,
            "det_w": 0.38850000500679016,
            "det_h": 0.5914999842643738,
            "det_score": 0.44618159532546997
        },
        {
            "det_cat": 4,
            "det_name": "MillingMachine",
            "det_x": 0.4790000021457672,
            "det_y": 0.5487499833106995,
            "det_w": 0.628333330154419,
            "det_h": 0.9024999737739563,
            "det_score": 0.5498049259185791
        }
    ],
    "img_path": "/Users/kritkorns/Mike/Jacob/AdvancedProject2/rawdata/machine/images/IMG_0777.JPG",
    "img_name": "IMG_0777",
    "img_id": "c367e5ad55134e652507d9741f57536a4cff6cb0fe31dc62d2e4661fa1fdf10b"
}