{
    "detection": [
        {
            "det_cat": 0,
            "det_name": "BandSaw",
            "det_x": 0.9325000047683716,
            "det_y": 0.593874990940094,
            "det_w": 0.12866666913032532,
            "det_h": 0.4957500100135803,
            "det_score": 0.2757268249988556
        },
        {
            "det_cat": 0,
            "det_name": "BandSaw",
            "det_x": 0.9262499809265137,
            "det_y": 0.5698750019073486,
            "det_w": 0.14749999344348907,
            "det_h": 0.3542500138282776,
            "det_score": 0.41258785128593445
        },
        {
            "det_cat": 4,
            "det_name": "MillingMachine",
            "det_x": 0.5819166898727417,
            "det_y": 0.5,
            "det_w": 0.8008333444595337,
            "det_h": 1.0,
            "det_score": 0.4734096825122833
        }
    ],
    "img_path": "/Users/kritkorns/Mike/Jacob/AdvancedProject2/rawdata/machine/images/IMG_0743.JPG",
    "img_name": "IMG_0743",
    "img_id": "b00e911e16bc91b51b85fef5ef51a9ff262b7e4ba09976ab45902550cad53a4f"
}