{
    "detection": [
        {
            "det_cat": 4,
            "det_name": "MillingMachine",
            "det_x": 0.22083333134651184,
            "det_y": 0.8056250214576721,
            "det_w": 0.4416666626930237,
            "det_h": 0.38874998688697815,
            "det_score": 0.4822041690349579
        },
        {
            "det_cat": 4,
            "det_name": "MillingMachine",
            "det_x": 0.6800833344459534,
            "det_y": 0.6215000152587891,
            "det_w": 0.3098333477973938,
            "det_h": 0.5059999823570251,
            "det_score": 0.4913385212421417
        },
        {
            "det_cat": 0,
            "det_name": "BandSaw",
            "det_x": 0.14749999344348907,
            "det_y": 0.6067500114440918,
            "det_w": 0.2709999978542328,
            "det_h": 0.2939999997615814,
            "det_score": 0.5627392530441284
        }
    ],
    "img_path": "/Users/kritkorns/Mike/Jacob/AdvancedProject2/rawdata/machine/images/IMG_0849.JPG",
    "img_name": "IMG_0849",
    "img_id": "8afb7ab9df7722831bf5faaff4e7a2be2ac182b1b88b989e3b2f11e79a02d874"
}