{
    "detection": [
        {
            "det_cat": 0,
            "det_name": "BandSaw",
            "det_x": 0.1314166635274887,
            "det_y": 0.5246250033378601,
            "det_w": 0.19550000131130219,
            "det_h": 0.22075000405311584,
            "det_score": 0.2742479145526886
        },
        {
            "det_cat": 4,
            "det_name": "MillingMachine",
            "det_x": 0.413916677236557,
            "det_y": 0.5214999914169312,
            "det_w": 0.4258333444595337,
            "det_h": 0.9570000171661377,
            "det_score": 0.3672497570514679
        }
    ],
    "img_path": "/Users/kritkorns/Mike/Jacob/AdvancedProject2/rawdata/machine/images/IMG_0835.JPG",
    "img_name": "IMG_0835",
    "img_id": "bd676f27b5526957a4446f957d462f3456fa1cb5690432354d4cf206eb90ae5d"
}