{
    "detection": [
        {
            "det_cat": 1,
            "det_name": "Conveyors",
            "det_x": 0.675000011920929,
            "det_y": 0.6392499804496765,
            "det_w": 0.6000000238418579,
            "det_h": 0.4984999895095825,
            "det_score": 0.38454991579055786
        },
        {
            "det_cat": 6,
            "det_name": "Robot",
            "det_x": 0.24650000035762787,
            "det_y": 0.2784999907016754,
            "det_w": 0.12433333694934845,
            "det_h": 0.30399999022483826,
            "det_score": 0.39842310547828674
        },
        {
            "det_cat": 6,
            "det_name": "Robot",
            "det_x": 0.8732500076293945,
            "det_y": 0.4506250023841858,
            "det_w": 0.1068333312869072,
            "det_h": 0.2227499932050705,
            "det_score": 0.41423091292381287
        },
        {
            "det_cat": 6,
            "det_name": "Robot",
            "det_x": 0.2485000044107437,
            "det_y": 0.2686249911785126,
            "det_w": 0.1003333330154419,
            "det_h": 0.1772499978542328,
            "det_score": 0.5370556116104126
        }
    ],
    "img_path": "/Users/kritkorns/Mike/Jacob/AdvancedProject2/rawdata/machine/images/IMG_0520.JPG",
    "img_name": "IMG_0520",
    "img_id": "d82b766b7707df84c59dedf4d2644b369f13d29a2f67e1538ebc00e61826aca1"
}