{
    "detection": [
        {
            "det_cat": 4,
            "det_name": "MillingMachine",
            "det_x": 0.1615000069141388,
            "det_y": 0.11637499928474426,
            "det_w": 0.1863333284854889,
            "det_h": 0.23274999856948853,
            "det_score": 0.2678114175796509
        },
        {
            "det_cat": 4,
            "det_name": "MillingMachine",
            "det_x": 0.7233333587646484,
            "det_y": 0.41337499022483826,
            "det_w": 0.5533333420753479,
            "det_h": 0.8267499804496765,
            "det_score": 0.3205394446849823
        },
        {
            "det_cat": 0,
            "det_name": "BandSaw",
            "det_x": 0.581166684627533,
            "det_y": 0.47450000047683716,
            "det_w": 0.45366665720939636,
            "det_h": 0.9474999904632568,
            "det_score": 0.37258946895599365
        }
    ],
    "img_path": "/Users/kritkorns/Mike/Jacob/AdvancedProject2/rawdata/machine/images/IMG_0986.JPG",
    "img_name": "IMG_0986",
    "img_id": "b2aa0778015c6dc4633d22faa6b14c4836a0a6761fd1939693cb2a34aa57c774"
}