{
    "detection": [
        {
            "det_cat": 6,
            "det_name": "Robot",
            "det_x": 0.750333309173584,
            "det_y": 0.46650001406669617,
            "det_w": 0.1469999998807907,
            "det_h": 0.3425000011920929,
            "det_score": 0.25192752480506897
        },
        {
            "det_cat": 6,
            "det_name": "Robot",
            "det_x": 0.7521666884422302,
            "det_y": 0.44624999165534973,
            "det_w": 0.1393333375453949,
            "det_h": 0.21549999713897705,
            "det_score": 0.6389418840408325
        },
        {
            "det_cat": 6,
            "det_name": "Robot",
            "det_x": 0.5980833172798157,
            "det_y": 0.4398750066757202,
            "det_w": 0.19349999725818634,
            "det_h": 0.31825000047683716,
            "det_score": 0.6411157846450806
        }
    ],
    "img_path": "/Users/kritkorns/Mike/Jacob/AdvancedProject2/rawdata/machine/images/IMG_0262.JPG",
    "img_name": "IMG_0262",
    "img_id": "4da5faab8a29b9e4a0f0238d3c8107cc063eaab85e1650fd73cb588eee8b689d"
}