{
    "detection": [
        {
            "det_cat": 5,
            "det_name": "Printer3D",
            "det_x": 0.35491666197776794,
            "det_y": 0.5329999923706055,
            "det_w": 0.2608333230018616,
            "det_h": 0.43650001287460327,
            "det_score": 0.39087721705436707
        },
        {
            "det_cat": 5,
            "det_name": "Printer3D",
            "det_x": 0.6682500243186951,
            "det_y": 0.5042499899864197,
            "det_w": 0.43683332204818726,
            "det_h": 0.5544999837875366,
            "det_score": 0.43334725499153137
        },
        {
            "det_cat": 5,
            "det_name": "Printer3D",
            "det_x": 0.6610000133514404,
            "det_y": 0.5128750205039978,
            "det_w": 0.3086666762828827,
            "det_h": 0.4582499861717224,
            "det_score": 0.49034827947616577
        },
        {
            "det_cat": 6,
            "det_name": "Robot",
            "det_x": 0.5795000195503235,
            "det_y": 0.30912500619888306,
            "det_w": 0.1720000058412552,
            "det_h": 0.3292500078678131,
            "det_score": 0.6048742532730103
        }
    ],
    "img_path": "/Users/kritkorns/Mike/Jacob/AdvancedProject2/rawdata/machine/images/IMG_0363.JPG",
    "img_name": "IMG_0363",
    "img_id": "71592942e802775237283223c5dc4d6a599717dcee5c3753f6b3b839e56123aa"
}