{
    "detection": [
        {
            "det_cat": 6,
            "det_name": "Robot",
            "det_x": 0.7080833315849304,
            "det_y": 0.22212499380111694,
            "det_w": 0.08950000256299973,
            "det_h": 0.304749995470047,
            "det_score": 0.2812935709953308
        },
        {
            "det_cat": 6,
            "det_name": "Robot",
            "det_x": 0.7086666822433472,
            "det_y": 0.22487500309944153,
            "det_w": 0.0676666647195816,
            "det_h": 0.23025000095367432,
            "det_score": 0.39338722825050354
        },
        {
            "det_cat": 6,
            "det_name": "Robot",
            "det_x": 0.5575833320617676,
            "det_y": 0.34450000524520874,
            "det_w": 0.14016667008399963,
            "det_h": 0.36649999022483826,
            "det_score": 0.5876734852790833
        }
    ],
    "img_path": "/Users/kritkorns/Mike/Jacob/AdvancedProject2/rawdata/machine/images/IMG_0617.JPG",
    "img_name": "IMG_0617",
    "img_id": "8718ea86f32cf5781bda2abab4927f978e7c9e65d8b4604aee38553e0179d45d"
}