{
    "detection": [
        {
            "det_cat": 1,
            "det_name": "Conveyors",
            "det_x": 0.3843333423137665,
            "det_y": 0.547124981880188,
            "det_w": 0.768666684627533,
            "det_h": 0.5827500224113464,
            "det_score": 0.25078466534614563
        },
        {
            "det_cat": 1,
            "det_name": "Conveyors",
            "det_x": 0.48658332228660583,
            "det_y": 0.6317499876022339,
            "det_w": 0.9731666445732117,
            "det_h": 0.5450000166893005,
            "det_score": 0.38825806975364685
        }
    ],
    "img_path": "/Users/kritkorns/Mike/Jacob/AdvancedProject2/rawdata/machine/images/IMG_0498.JPG",
    "img_name": "IMG_0498",
    "img_id": "be6fa503cbb12800266c6de4622fdcc5fde2c02b871a111f815f2cceb0189eca"
}