{
    "detection": [
        {
            "det_cat": 6,
            "det_name": "Robot",
            "det_x": 0.3414166569709778,
            "det_y": 0.4546250104904175,
            "det_w": 0.22283333539962769,
            "det_h": 0.7022500038146973,
            "det_score": 0.46030592918395996
        },
        {
            "det_cat": 6,
            "det_name": "Robot",
            "det_x": 0.4546666741371155,
            "det_y": 0.5502499938011169,
            "det_w": 0.23133333027362823,
            "det_h": 0.44850000739097595,
            "det_score": 0.4804101288318634
        },
        {
            "det_cat": 6,
            "det_name": "Robot",
            "det_x": 0.33383333683013916,
            "det_y": 0.445250004529953,
            "det_w": 0.16500000655651093,
            "det_h": 0.5515000224113464,
            "det_score": 0.7525327801704407
        }
    ],
    "img_path": "/Users/kritkorns/Mike/Jacob/AdvancedProject2/rawdata/machine/images/IMG_0610.JPG",
    "img_name": "IMG_0610",
    "img_id": "0de195e6d813c62c15fbaeaa65b00e88a4ed84c8a093db76efbdeb9f02003262"
}