{
    "detection": [
        {
            "det_cat": 6,
            "det_name": "Robot",
            "det_x": 0.5583333373069763,
            "det_y": 0.3935000002384186,
            "det_w": 0.1860000044107437,
            "det_h": 0.3935000002384186,
            "det_score": 0.27632302045822144
        },
        {
            "det_cat": 6,
            "det_name": "Robot",
            "det_x": 0.8105833530426025,
            "det_y": 0.33250001072883606,
            "det_w": 0.36916667222976685,
            "det_h": 0.6650000214576721,
            "det_score": 0.5715935826301575
        },
        {
            "det_cat": 6,
            "det_name": "Robot",
            "det_x": 0.7985833287239075,
            "det_y": 0.3217499852180481,
            "det_w": 0.27950000762939453,
            "det_h": 0.5320000052452087,
            "det_score": 0.6206279993057251
        },
        {
            "det_cat": 6,
            "det_name": "Robot",
            "det_x": 0.5575000047683716,
            "det_y": 0.3961249887943268,
            "det_w": 0.12133333086967468,
            "det_h": 0.35874998569488525,
            "det_score": 0.7226688265800476
        }
    ],
    "img_path": "/Users/kritkorns/Mike/Jacob/AdvancedProject2/rawdata/machine/images/IMG_0595.JPG",
    "img_name": "IMG_0595",
    "img_id": "1e656f254e5304f1189f4f5fda394d53ce28424bb0dc0e4fc8cf62f473b776d8"
}