{
    "detection": [
        {
            "det_cat": 6,
            "det_name": "Robot",
            "det_x": 0.13824999332427979,
            "det_y": 0.36037498712539673,
            "det_w": 0.23516666889190674,
            "det_h": 0.7207499742507935,
            "det_score": 0.4276159107685089
        },
        {
            "det_cat": 6,
            "det_name": "Robot",
            "det_x": 0.8303333520889282,
            "det_y": 0.2849999964237213,
            "det_w": 0.29899999499320984,
            "det_h": 0.5699999928474426,
            "det_score": 0.6072840094566345
        },
        {
            "det_cat": 6,
            "det_name": "Robot",
            "det_x": 0.4385833442211151,
            "det_y": 0.43549999594688416,
            "det_w": 0.47350001335144043,
            "det_h": 0.8709999918937683,
            "det_score": 0.6347371339797974
        }
    ],
    "img_path": "/Users/kritkorns/Mike/Jacob/AdvancedProject2/rawdata/machine/images/IMG_0567.JPG",
    "img_name": "IMG_0567",
    "img_id": "c0a5d9343d4f76b9a60776bbb2eb350e8c1155df97a47d5df072afff30748062"
}