{
    "detection": [
        {
            "det_cat": 6,
            "det_name": "Robot",
            "det_x": 0.46691668033599854,
            "det_y": 0.5081250071525574,
            "det_w": 0.8255000114440918,
            "det_h": 0.9837499856948853,
            "det_score": 0.34620872139930725
        },
        {
            "det_cat": 6,
            "det_name": "Robot",
            "det_x": 0.2238333374261856,
            "det_y": 0.6660000085830688,
            "det_w": 0.43966665863990784,
            "det_h": 0.6679999828338623,
            "det_score": 0.3740806579589844
        }
    ],
    "img_path": "/Users/kritkorns/Mike/Jacob/AdvancedProject2/rawdata/machine/images/IMG_0258.JPG",
    "img_name": "IMG_0258",
    "img_id": "8568918912c7f12fc736e62074d5300f5f44b0fb76b143704405fd4852872b48"
}