{
    "detection": [
        {
            "det_cat": 4,
            "det_name": "MillingMachine",
            "det_x": 0.335750013589859,
            "det_y": 0.23749999701976776,
            "det_w": 0.3591666519641876,
            "det_h": 0.4749999940395355,
            "det_score": 0.4175269305706024
        },
        {
            "det_cat": 4,
            "det_name": "MillingMachine",
            "det_x": 0.8655833601951599,
            "det_y": 0.3461250066757202,
            "det_w": 0.18783333897590637,
            "det_h": 0.4362500011920929,
            "det_score": 0.49910274147987366
        },
        {
            "det_cat": 4,
            "det_name": "MillingMachine",
            "det_x": 0.5189999938011169,
            "det_y": 0.49950000643730164,
            "det_w": 0.596666693687439,
            "det_h": 0.9990000128746033,
            "det_score": 0.6131653785705566
        }
    ],
    "img_path": "/Users/kritkorns/Mike/Jacob/AdvancedProject2/rawdata/machine/images/IMG_0627.JPG",
    "img_name": "IMG_0627",
    "img_id": "000d2819d97004a48907326671d48139d8b809c8646535e197817b2d9a3d3223"
}