{
    "detection": [
        {
            "det_cat": 1,
            "det_name": "Conveyors",
            "det_x": 0.15000000596046448,
            "det_y": 0.5916249752044678,
            "det_w": 0.30000001192092896,
            "det_h": 0.4242500066757202,
            "det_score": 0.40131816267967224
        },
        {
            "det_cat": 1,
            "det_name": "Conveyors",
            "det_x": 0.17033334076404572,
            "det_y": 0.5852500200271606,
            "det_w": 0.34066668152809143,
            "det_h": 0.5830000042915344,
            "det_score": 0.40672656893730164
        },
        {
            "det_cat": 6,
            "det_name": "Robot",
            "det_x": 0.7053333520889282,
            "det_y": 0.49024999141693115,
            "det_w": 0.26366665959358215,
            "det_h": 0.5724999904632568,
            "det_score": 0.6535133123397827
        }
    ],
    "img_path": "/Users/kritkorns/Mike/Jacob/AdvancedProject2/rawdata/machine/images/IMG_0586.JPG",
    "img_name": "IMG_0586",
    "img_id": "dde30607dd03f93b33f5b17db1379d8ba70ed6ef8dce05ff20ae7e8af38dc88f"
}