{
    "detection": [
        {
            "det_cat": 4,
            "det_name": "MillingMachine",
            "det_x": 0.9068333506584167,
            "det_y": 0.31075000762939453,
            "det_w": 0.1863333284854889,
            "det_h": 0.3305000066757202,
            "det_score": 0.309522807598114
        },
        {
            "det_cat": 4,
            "det_name": "MillingMachine",
            "det_x": 0.4741666615009308,
            "det_y": 0.5,
            "det_w": 0.7170000076293945,
            "det_h": 1.0,
            "det_score": 0.46592551469802856
        }
    ],
    "img_path": "/Users/kritkorns/Mike/Jacob/AdvancedProject2/rawdata/machine/images/IMG_0630.JPG",
    "img_name": "IMG_0630",
    "img_id": "a6b52aad8b9877b5f42499bfff3494fd33f9d7c6a0ec7f26bc99927fc9af1661"
}