{
    "detection": [
        {
            "det_cat": 5,
            "det_name": "Printer3D",
            "det_x": 0.9652500152587891,
            "det_y": 0.5827500224113464,
            "det_w": 0.06949999928474426,
            "det_h": 0.3269999921321869,
            "det_score": 0.4488190710544586
        },
        {
            "det_cat": 5,
            "det_name": "Printer3D",
            "det_x": 0.9674999713897705,
            "det_y": 0.5846250057220459,
            "det_w": 0.06499999761581421,
            "det_h": 0.20524999499320984,
            "det_score": 0.5814526677131653
        },
        {
            "det_cat": 6,
            "det_name": "Robot",
            "det_x": 0.562583327293396,
            "det_y": 0.5888749957084656,
            "det_w": 0.5181666612625122,
            "det_h": 0.8222500085830688,
            "det_score": 0.692688524723053
        }
    ],
    "img_path": "/Users/kritkorns/Mike/Jacob/AdvancedProject2/rawdata/machine/images/IMG_0282.JPG",
    "img_name": "IMG_0282",
    "img_id": "59cfdaf39c0da6c1bd14067210d33190421deee79d3e3ba21452662313f65f1f"
}