{
    "detection": [
        {
            "det_cat": 6,
            "det_name": "Robot",
            "det_x": 0.08141666650772095,
            "det_y": 0.320250004529953,
            "det_w": 0.1511666625738144,
            "det_h": 0.6000000238418579,
            "det_score": 0.29127657413482666
        },
        {
            "det_cat": 5,
            "det_name": "Printer3D",
            "det_x": 0.5958333611488342,
            "det_y": 0.4751250147819519,
            "det_w": 0.28866666555404663,
            "det_h": 0.5722500085830688,
            "det_score": 0.3656655251979828
        },
        {
            "det_cat": 5,
            "det_name": "Printer3D",
            "det_x": 0.3929166793823242,
            "det_y": 0.5561249852180481,
            "det_w": 0.27649998664855957,
            "det_h": 0.5667499899864197,
            "det_score": 0.5509086847305298
        },
        {
            "det_cat": 5,
            "det_name": "Printer3D",
            "det_x": 0.5808333158493042,
            "det_y": 0.47999998927116394,
            "det_w": 0.2133333384990692,
            "det_h": 0.44350001215934753,
            "det_score": 0.5763071179389954
        }
    ],
    "img_path": "/Users/kritkorns/Mike/Jacob/AdvancedProject2/rawdata/machine/images/IMG_0362.JPG",
    "img_name": "IMG_0362",
    "img_id": "58067c2003d63dea493ce20a1887922d91372845424750e85d8928015aadc8ad"
}