{
    "detection": [
        {
            "det_cat": 1,
            "det_name": "Conveyors",
            "det_x": 0.5171666741371155,
            "det_y": 0.4855000078678131,
            "det_w": 0.5860000252723694,
            "det_h": 0.4025000035762787,
            "det_score": 0.2804315388202667
        },
        {
            "det_cat": 1,
            "det_name": "Conveyors",
            "det_x": 0.5335000157356262,
            "det_y": 0.4776250123977661,
            "det_w": 0.7676666378974915,
            "det_h": 0.5562499761581421,
            "det_score": 0.4438943862915039
        },
        {
            "det_cat": 1,
            "det_name": "Conveyors",
            "det_x": 0.4805833399295807,
            "det_y": 0.5515000224113464,
            "det_w": 0.6731666922569275,
            "det_h": 0.8970000147819519,
            "det_score": 0.4773293733596802
        }
    ],
    "img_path": "/Users/kritkorns/Mike/Jacob/AdvancedProject2/rawdata/machine/images/IMG_0469.JPG",
    "img_name": "IMG_0469",
    "img_id": "2e3877eaebd4b233e5963b7b691ff023dcfbd59ed615b55c2914b47468e1ca71"
}