{
    "detection": [
        {
            "det_cat": 6,
            "det_name": "Robot",
            "det_x": 0.8239166736602783,
            "det_y": 0.8647500276565552,
            "det_w": 0.35216665267944336,
            "det_h": 0.2705000042915344,
            "det_score": 0.5082842111587524
        },
        {
            "det_cat": 6,
            "det_name": "Robot",
            "det_x": 0.8426666855812073,
            "det_y": 0.8807500004768372,
            "det_w": 0.31466665863990784,
            "det_h": 0.2175000011920929,
            "det_score": 0.5844852328300476
        },
        {
            "det_cat": 6,
            "det_name": "Robot",
            "det_x": 0.5945833325386047,
            "det_y": 0.6383749842643738,
            "det_w": 0.29750001430511475,
            "det_h": 0.5507500171661377,
            "det_score": 0.5891703367233276
        }
    ],
    "img_path": "/Users/kritkorns/Mike/Jacob/AdvancedProject2/rawdata/machine/images/IMG_0279.JPG",
    "img_name": "IMG_0279",
    "img_id": "73cec774190260892b79318a3f928e692c0bbdd7baf099a8ceb9dba35962a5b1"
}