{
    "detection": [
        {
            "det_cat": 4,
            "det_name": "MillingMachine",
            "det_x": 0.6730833053588867,
            "det_y": 0.6759999990463257,
            "det_w": 0.6538333296775818,
            "det_h": 0.6480000019073486,
            "det_score": 0.25574609637260437
        },
        {
            "det_cat": 4,
            "det_name": "MillingMachine",
            "det_x": 0.41733333468437195,
            "det_y": 0.5,
            "det_w": 0.5189999938011169,
            "det_h": 1.0,
            "det_score": 0.49974048137664795
        }
    ],
    "img_path": "/Users/kritkorns/Mike/Jacob/AdvancedProject2/rawdata/machine/images/IMG_0801.JPG",
    "img_name": "IMG_0801",
    "img_id": "630db70a08009d26866aee4a3a337c4fec939671c3c9b241b166670e6adcdcc3"
}