{
    "detection": [
        {
            "det_cat": 6,
            "det_name": "Robot",
            "det_x": 0.4478333294391632,
            "det_y": 0.44712498784065247,
            "det_w": 0.2943333387374878,
            "det_h": 0.8002499938011169,
            "det_score": 0.2994890511035919
        },
        {
            "det_cat": 6,
            "det_name": "Robot",
            "det_x": 0.9160833358764648,
            "det_y": 0.39762499928474426,
            "det_w": 0.16183333098888397,
            "det_h": 0.40625,
            "det_score": 0.6378775835037231
        },
        {
            "det_cat": 6,
            "det_name": "Robot",
            "det_x": 0.4415000081062317,
            "det_y": 0.4088749885559082,
            "det_w": 0.2240000069141388,
            "det_h": 0.5702499747276306,
            "det_score": 0.6676791310310364
        },
        {
            "det_cat": 6,
            "det_name": "Robot",
            "det_x": 0.684583306312561,
            "det_y": 0.5171250104904175,
            "det_w": 0.28216665983200073,
            "det_h": 0.5597500205039978,
            "det_score": 0.7089676856994629
        }
    ],
    "img_path": "/Users/kritkorns/Mike/Jacob/AdvancedProject2/rawdata/machine/images/IMG_0229.JPG",
    "img_name": "IMG_0229",
    "img_id": "279304d57315624894ab2da924358db3959a81f95b506773d58ffc36a13def62"
}