{
    "detection": [
        {
            "det_cat": 0,
            "det_name": "BandSaw",
            "det_x": 0.7991666793823242,
            "det_y": 0.4738749861717224,
            "det_w": 0.15800000727176666,
            "det_h": 0.21025000512599945,
            "det_score": 0.33806997537612915
        },
        {
            "det_cat": 0,
            "det_name": "BandSaw",
            "det_x": 0.8964999914169312,
            "det_y": 0.6642500162124634,
            "det_w": 0.1836666613817215,
            "det_h": 0.3244999945163727,
            "det_score": 0.5421466827392578
        },
        {
            "det_cat": 4,
            "det_name": "MillingMachine",
            "det_x": 0.5763333439826965,
            "det_y": 0.5630000233650208,
            "det_w": 0.6393333077430725,
            "det_h": 0.8740000128746033,
            "det_score": 0.590440571308136
        }
    ],
    "img_path": "/Users/kritkorns/Mike/Jacob/AdvancedProject2/rawdata/machine/images/IMG_0792.JPG",
    "img_name": "IMG_0792",
    "img_id": "91c918b4b68bfc8ff042b663470013714f0fee63e62f7d20c930ac5b63fa86eb"
}