{
    "detection": [
        {
            "det_cat": 4,
            "det_name": "MillingMachine",
            "det_x": 0.0573333315551281,
            "det_y": 0.43575000762939453,
            "det_w": 0.1146666631102562,
            "det_h": 0.33250001072883606,
            "det_score": 0.29368603229522705
        },
        {
            "det_cat": 2,
            "det_name": "Drillpress",
            "det_x": 0.527916669845581,
            "det_y": 0.5,
            "det_w": 0.34950000047683716,
            "det_h": 1.0,
            "det_score": 0.427326500415802
        }
    ],
    "img_path": "/Users/kritkorns/Mike/Jacob/AdvancedProject2/rawdata/machine/images/IMG_0902.JPG",
    "img_name": "IMG_0902",
    "img_id": "4205ba240135c04d81e6986ef5a86e90f36ff5a003c15e62aadfc0f5a84c71b0"
}