{
    "detection": [
        {
            "det_cat": 2,
            "det_name": "Drillpress",
            "det_x": 0.8787500262260437,
            "det_y": 0.5,
            "det_w": 0.24250000715255737,
            "det_h": 1.0,
            "det_score": 0.27552667260169983
        },
        {
            "det_cat": 4,
            "det_name": "MillingMachine",
            "det_x": 0.28125,
            "det_y": 0.3544999957084656,
            "det_w": 0.28583332896232605,
            "det_h": 0.46799999475479126,
            "det_score": 0.5803884267807007
        },
        {
            "det_cat": 4,
            "det_name": "MillingMachine",
            "det_x": 0.5648333430290222,
            "det_y": 0.5223749876022339,
            "det_w": 0.5249999761581421,
            "det_h": 0.9552500247955322,
            "det_score": 0.7048885822296143
        }
    ],
    "img_path": "/Users/kritkorns/Mike/Jacob/AdvancedProject2/rawdata/machine/images/IMG_0686.JPG",
    "img_name": "IMG_0686",
    "img_id": "59aaf1e0016ef445924daa61f002343bcb1cfeba16fc8303929ae1dd82efed30"
}