{
    "detection": [
        {
            "det_cat": 4,
            "det_name": "MillingMachine",
            "det_x": 0.08616666495800018,
            "det_y": 0.4781250059604645,
            "det_w": 0.17233332991600037,
            "det_h": 0.35475000739097595,
            "det_score": 0.3539847731590271
        },
        {
            "det_cat": 4,
            "det_name": "MillingMachine",
            "det_x": 0.4893333315849304,
            "det_y": 0.5361250042915344,
            "det_w": 0.5883333086967468,
            "det_h": 0.9277499914169312,
            "det_score": 0.5724307298660278
        }
    ],
    "img_path": "/Users/kritkorns/Mike/Jacob/AdvancedProject2/rawdata/machine/images/IMG_0760.JPG",
    "img_name": "IMG_0760",
    "img_id": "ff806386068b4e81a3d8a9a09768e12cce4242ac04b129ffd803d00d61adc920"
}