{
    "detection": [
        {
            "det_cat": 6,
            "det_name": "Robot",
            "det_x": 0.5764999985694885,
            "det_y": 0.414000004529953,
            "det_w": 0.26733332872390747,
            "det_h": 0.5609999895095825,
            "det_score": 0.41543200612068176
        },
        {
            "det_cat": 6,
            "det_name": "Robot",
            "det_x": 0.5815833210945129,
            "det_y": 0.4008750021457672,
            "det_w": 0.21116666495800018,
            "det_h": 0.4167500138282776,
            "det_score": 0.5509253144264221
        },
        {
            "det_cat": 6,
            "det_name": "Robot",
            "det_x": 0.4717499911785126,
            "det_y": 0.2952499985694885,
            "det_w": 0.12049999833106995,
            "det_h": 0.48350000381469727,
            "det_score": 0.5984649062156677
        }
    ],
    "img_path": "/Users/kritkorns/Mike/Jacob/AdvancedProject2/rawdata/machine/images/IMG_0611.JPG",
    "img_name": "IMG_0611",
    "img_id": "11558bcc0207ecebd491c14a15950a3e9cbf5719ba76074c4d2a8bcdb87223e0"
}