{
    "detection": [
        {
            "det_cat": 4,
            "det_name": "MillingMachine",
            "det_x": 0.5575000047683716,
            "det_y": 0.6163750290870667,
            "det_w": 0.33000001311302185,
            "det_h": 0.3472500145435333,
            "det_score": 0.2605611979961395
        },
        {
            "det_cat": 4,
            "det_name": "MillingMachine",
            "det_x": 0.7507500052452087,
            "det_y": 0.7772499918937683,
            "det_w": 0.4078333377838135,
            "det_h": 0.4099999964237213,
            "det_score": 0.37339556217193604
        },
        {
            "det_cat": 0,
            "det_name": "BandSaw",
            "det_x": 0.16500000655651093,
            "det_y": 0.8220000267028809,
            "det_w": 0.31433331966400146,
            "det_h": 0.27799999713897705,
            "det_score": 0.44993218779563904
        }
    ],
    "img_path": "/Users/kritkorns/Mike/Jacob/AdvancedProject2/rawdata/machine/images/IMG_0867.JPG",
    "img_name": "IMG_0867",
    "img_id": "e987fb23ea74d13bd8b3edaffaefb9215cf053342a40d8fcad2ff6f29029ead4"
}