{
    "detection": [
        {
            "det_cat": 5,
            "det_name": "Printer3D",
            "det_x": 0.6386666893959045,
            "det_y": 0.46287500858306885,
            "det_w": 0.14266666769981384,
            "det_h": 0.382750004529953,
            "det_score": 0.5798947215080261
        },
        {
            "det_cat": 5,
            "det_name": "Printer3D",
            "det_x": 0.4814999997615814,
            "det_y": 0.4516249895095825,
            "det_w": 0.19833333790302277,
            "det_h": 0.257750004529953,
            "det_score": 0.6413341760635376
        },
        {
            "det_cat": 5,
            "det_name": "Printer3D",
            "det_x": 0.640749990940094,
            "det_y": 0.4673750102519989,
            "det_w": 0.13483333587646484,
            "det_h": 0.2122499942779541,
            "det_score": 0.6676816344261169
        }
    ],
    "img_path": "/Users/kritkorns/Mike/Jacob/AdvancedProject2/rawdata/machine/images/IMG_0402.JPG",
    "img_name": "IMG_0402",
    "img_id": "7af9701f799747ff9667aa91799d70f091dcd884f0b7efb23a4e83ea80325816"
}