{
    "detection": [
        {
            "det_cat": 1,
            "det_name": "Conveyors",
            "det_x": 0.6264166831970215,
            "det_y": 0.5112500190734863,
            "det_w": 0.6188333630561829,
            "det_h": 0.6424999833106995,
            "det_score": 0.49716657400131226
        },
        {
            "det_cat": 1,
            "det_name": "Conveyors",
            "det_x": 0.6355000138282776,
            "det_y": 0.5217499732971191,
            "det_w": 0.6963333487510681,
            "det_h": 0.9564999938011169,
            "det_score": 0.6828320622444153
        }
    ],
    "img_path": "/Users/kritkorns/Mike/Jacob/AdvancedProject2/rawdata/machine/images/IMG_0526.JPG",
    "img_name": "IMG_0526",
    "img_id": "531deab6108ffb7600db73deabf74434936b197ef33a3f6b008070cbbb499262"
}