{
    "detection": [
        {
            "det_cat": 2,
            "det_name": "Drillpress",
            "det_x": 0.7573333382606506,
            "det_y": 0.38350000977516174,
            "det_w": 0.2043333351612091,
            "det_h": 0.7024999856948853,
            "det_score": 0.3778408169746399
        },
        {
            "det_cat": 0,
            "det_name": "BandSaw",
            "det_x": 0.49033331871032715,
            "det_y": 0.5053750276565552,
            "det_w": 0.37533333897590637,
            "det_h": 0.5122500061988831,
            "det_score": 0.5193923711776733
        }
    ],
    "img_path": "/Users/kritkorns/Mike/Jacob/AdvancedProject2/rawdata/machine/images/IMG_1048.JPG",
    "img_name": "IMG_1048",
    "img_id": "29a6c124855b7d8e304c37af11875cfd66d8efa0d11ebe277541077524363e74"
}