{
    "detection": [
        {
            "det_cat": 5,
            "det_name": "Printer3D",
            "det_x": 0.612333357334137,
            "det_y": 0.460750013589859,
            "det_w": 0.27666667103767395,
            "det_h": 0.5389999747276306,
            "det_score": 0.26107504963874817
        },
        {
            "det_cat": 5,
            "det_name": "Printer3D",
            "det_x": 0.7876666784286499,
            "det_y": 0.453249990940094,
            "det_w": 0.265666663646698,
            "det_h": 0.4729999899864197,
            "det_score": 0.627653956413269
        }
    ],
    "img_path": "/Users/kritkorns/Mike/Jacob/AdvancedProject2/rawdata/machine/images/IMG_0369.JPG",
    "img_name": "IMG_0369",
    "img_id": "fb474d72e6f885e0c6235608f88c6f420a8b1d1fd6c0b65fc8ae557797009cae"
}