{
    "detection": [
        {
            "det_cat": 4,
            "det_name": "MillingMachine",
            "det_x": 0.25316667556762695,
            "det_y": 0.6396250128746033,
            "det_w": 0.45533332228660583,
            "det_h": 0.7207499742507935,
            "det_score": 0.31261327862739563
        },
        {
            "det_cat": 4,
            "det_name": "MillingMachine",
            "det_x": 0.22591666877269745,
            "det_y": 0.6783750057220459,
            "det_w": 0.33383333683013916,
            "det_h": 0.6432499885559082,
            "det_score": 0.5086275339126587
        },
        {
            "det_cat": 4,
            "det_name": "MillingMachine",
            "det_x": 0.6495000123977661,
            "det_y": 0.5774999856948853,
            "det_w": 0.4896666705608368,
            "det_h": 0.8450000286102295,
            "det_score": 0.6745426654815674
        }
    ],
    "img_path": "/Users/kritkorns/Mike/Jacob/AdvancedProject2/rawdata/machine/images/IMG_0781.JPG",
    "img_name": "IMG_0781",
    "img_id": "89aa85100861724a138ebb1b8aca8336f75f71bf012470ceed2088fef0dbbdb1"
}