{
    "detection": [
        {
            "det_cat": 1,
            "det_name": "Conveyors",
            "det_x": 0.7122499942779541,
            "det_y": 0.528249979019165,
            "det_w": 0.5605000257492065,
            "det_h": 0.4819999933242798,
            "det_score": 0.2882201671600342
        },
        {
            "det_cat": 1,
            "det_name": "Conveyors",
            "det_x": 0.7235000133514404,
            "det_y": 0.7386249899864197,
            "det_w": 0.5529999732971191,
            "det_h": 0.5182499885559082,
            "det_score": 0.34521937370300293
        },
        {
            "det_cat": 1,
            "det_name": "Conveyors",
            "det_x": 0.7153333425521851,
            "det_y": 0.612375020980835,
            "det_w": 0.5693333148956299,
            "det_h": 0.7752500176429749,
            "det_score": 0.5470810532569885
        }
    ],
    "img_path": "/Users/kritkorns/Mike/Jacob/AdvancedProject2/rawdata/machine/images/IMG_0525.JPG",
    "img_name": "IMG_0525",
    "img_id": "19a42216e50781531760272c9a11e51825bb9e52f5abcdd667fb58d0130268a7"
}