{
    "detection": [
        {
            "det_cat": 0,
            "det_name": "BandSaw",
            "det_x": 0.9386666417121887,
            "det_y": 0.5077499747276306,
            "det_w": 0.12266666442155838,
            "det_h": 0.33500000834465027,
            "det_score": 0.33378446102142334
        },
        {
            "det_cat": 4,
            "det_name": "MillingMachine",
            "det_x": 0.18133333325386047,
            "det_y": 0.578000009059906,
            "det_w": 0.36266666650772095,
            "det_h": 0.843999981880188,
            "det_score": 0.34111136198043823
        },
        {
            "det_cat": 4,
            "det_name": "MillingMachine",
            "det_x": 0.5806666612625122,
            "det_y": 0.5,
            "det_w": 0.7463333606719971,
            "det_h": 1.0,
            "det_score": 0.5459299087524414
        }
    ],
    "img_path": "/Users/kritkorns/Mike/Jacob/AdvancedProject2/rawdata/machine/images/IMG_0740.JPG",
    "img_name": "IMG_0740",
    "img_id": "290c8996609814f521b454cb24ce56c87b345b45d9e3b14a09cb71eb10232a49"
}