{
    "detection": [
        {
            "det_cat": 4,
            "det_name": "MillingMachine",
            "det_x": 0.11783333122730255,
            "det_y": 0.13762499392032623,
            "det_w": 0.2356666624546051,
            "det_h": 0.27524998784065247,
            "det_score": 0.28835737705230713
        },
        {
            "det_cat": 4,
            "det_name": "MillingMachine",
            "det_x": 0.6869166493415833,
            "det_y": 0.5693749785423279,
            "det_w": 0.6261666417121887,
            "det_h": 0.8612499833106995,
            "det_score": 0.6240840554237366
        }
    ],
    "img_path": "/Users/kritkorns/Mike/Jacob/AdvancedProject2/rawdata/machine/images/IMG_0702.JPG",
    "img_name": "IMG_0702",
    "img_id": "4a33aeb9ebde0bdcd75b52acb15abb3e782d03778a8170dbaf8c504a763cba46"
}