{
    "detection": [
        {
            "det_cat": 4,
            "det_name": "MillingMachine",
            "det_x": 0.3153333365917206,
            "det_y": 0.5957499742507935,
            "det_w": 0.3023333251476288,
            "det_h": 0.8084999918937683,
            "det_score": 0.2809968590736389
        },
        {
            "det_cat": 0,
            "det_name": "BandSaw",
            "det_x": 0.7909166812896729,
            "det_y": 0.3563750088214874,
            "det_w": 0.13183332979679108,
            "det_h": 0.22175000607967377,
            "det_score": 0.29489508271217346
        },
        {
            "det_cat": 0,
            "det_name": "BandSaw",
            "det_x": 0.8169166445732117,
            "det_y": 0.48487499356269836,
            "det_w": 0.13216666877269745,
            "det_h": 0.2762500047683716,
            "det_score": 0.3747376799583435
        },
        {
            "det_cat": 4,
            "det_name": "MillingMachine",
            "det_x": 0.5180000066757202,
            "det_y": 0.5056250095367432,
            "det_w": 0.5576666593551636,
            "det_h": 0.9887499809265137,
            "det_score": 0.6749299764633179
        }
    ],
    "img_path": "/Users/kritkorns/Mike/Jacob/AdvancedProject2/rawdata/machine/images/IMG_0793.JPG",
    "img_name": "IMG_0793",
    "img_id": "5ca6b90a950863577c6f54f0f0cc6a1bd0e564d3f388d4117f8602aec11bacb3"
}