{
    "detection": [
        {
            "det_cat": 1,
            "det_name": "Conveyors",
            "det_x": 0.2784166634082794,
            "det_y": 0.5462499856948853,
            "det_w": 0.5568333268165588,
            "det_h": 0.5874999761581421,
            "det_score": 0.4771077036857605
        },
        {
            "det_cat": 6,
            "det_name": "Robot",
            "det_x": 0.6932500004768372,
            "det_y": 0.4892500042915344,
            "det_w": 0.34416666626930237,
            "det_h": 0.6690000295639038,
            "det_score": 0.6097220182418823
        }
    ],
    "img_path": "/Users/kritkorns/Mike/Jacob/AdvancedProject2/rawdata/machine/images/IMG_0581.JPG",
    "img_name": "IMG_0581",
    "img_id": "d32dd1e92c2abbe3657d841591f74c0e54da2f6022bc424532f994e1ae3691c6"
}