{
    "detection": [
        {
            "det_cat": 6,
            "det_name": "Robot",
            "det_x": 0.44325000047683716,
            "det_y": 0.5943750143051147,
            "det_w": 0.22083333134651184,
            "det_h": 0.5432500243186951,
            "det_score": 0.2702161371707916
        },
        {
            "det_cat": 6,
            "det_name": "Robot",
            "det_x": 0.4312500059604645,
            "det_y": 0.5892500281333923,
            "det_w": 0.16050000488758087,
            "det_h": 0.3955000042915344,
            "det_score": 0.4649018347263336
        },
        {
            "det_cat": 6,
            "det_name": "Robot",
            "det_x": 0.6256666779518127,
            "det_y": 0.5,
            "det_w": 0.5640000104904175,
            "det_h": 1.0,
            "det_score": 0.6684538722038269
        }
    ],
    "img_path": "/Users/kritkorns/Mike/Jacob/AdvancedProject2/rawdata/machine/images/IMG_0294.JPG",
    "img_name": "IMG_0294",
    "img_id": "2b408ccd09116c0bc630c8398589f7cd6679515d5882172196fa617cbb97c7f2"
}