{
    "detection": [
        {
            "det_cat": 6,
            "det_name": "Robot",
            "det_x": 0.643583357334137,
            "det_y": 0.44487500190734863,
            "det_w": 0.1941666603088379,
            "det_h": 0.5772500038146973,
            "det_score": 0.27118414640426636
        },
        {
            "det_cat": 6,
            "det_name": "Robot",
            "det_x": 0.7527499794960022,
            "det_y": 0.5048750042915344,
            "det_w": 0.203166663646698,
            "det_h": 0.3712500035762787,
            "det_score": 0.5710225701332092
        },
        {
            "det_cat": 6,
            "det_name": "Robot",
            "det_x": 0.6383333206176758,
            "det_y": 0.4143750071525574,
            "det_w": 0.15700000524520874,
            "det_h": 0.41624999046325684,
            "det_score": 0.6593865752220154
        }
    ],
    "img_path": "/Users/kritkorns/Mike/Jacob/AdvancedProject2/rawdata/machine/images/IMG_0249.JPG",
    "img_name": "IMG_0249",
    "img_id": "ecad3d72a55555164f101c38280d120d173d0f8c274b2ec25abaee3d555aaafa"
}