{
    "detection": [
        {
            "det_cat": 6,
            "det_name": "Robot",
            "det_x": 0.5220000147819519,
            "det_y": 0.2537499964237213,
            "det_w": 0.18466666340827942,
            "det_h": 0.46299999952316284,
            "det_score": 0.3007933497428894
        },
        {
            "det_cat": 6,
            "det_name": "Robot",
            "det_x": 0.8110833168029785,
            "det_y": 0.5049999952316284,
            "det_w": 0.055166665464639664,
            "det_h": 0.18250000476837158,
            "det_score": 0.4222877025604248
        },
        {
            "det_cat": 6,
            "det_name": "Robot",
            "det_x": 0.5210000276565552,
            "det_y": 0.25475001335144043,
            "det_w": 0.14300000667572021,
            "det_h": 0.35199999809265137,
            "det_score": 0.584815502166748
        },
        {
            "det_cat": 6,
            "det_name": "Robot",
            "det_x": 0.6644166707992554,
            "det_y": 0.47087499499320984,
            "det_w": 0.16816666722297668,
            "det_h": 0.33125001192092896,
            "det_score": 0.6050340533256531
        }
    ],
    "img_path": "/Users/kritkorns/Mike/Jacob/AdvancedProject2/rawdata/machine/images/IMG_0264.JPG",
    "img_name": "IMG_0264",
    "img_id": "38198a74f9723b9312dac45b52fa70f07da240667686170026ac1f5f2148cc69"
}