{
    "detection": [
        {
            "det_cat": 0,
            "det_name": "BandSaw",
            "det_x": 0.6809999942779541,
            "det_y": 0.5070000290870667,
            "det_w": 0.17299999296665192,
            "det_h": 0.22550000250339508,
            "det_score": 0.2903781235218048
        },
        {
            "det_cat": 4,
            "det_name": "MillingMachine",
            "det_x": 0.4324166774749756,
            "det_y": 0.5,
            "det_w": 0.8421666622161865,
            "det_h": 1.0,
            "det_score": 0.39493846893310547
        }
    ],
    "img_path": "/Users/kritkorns/Mike/Jacob/AdvancedProject2/rawdata/machine/images/IMG_0745.JPG",
    "img_name": "IMG_0745",
    "img_id": "a9affbec9918a2459b9f8004715d5c49b3513e538a588b235d3a4afccde6cb99"
}