{
    "detection": [
        {
            "det_cat": 6,
            "det_name": "Robot",
            "det_x": 0.5244166851043701,
            "det_y": 0.4699999988079071,
            "det_w": 0.24283333122730255,
            "det_h": 0.6654999852180481,
            "det_score": 0.45903533697128296
        },
        {
            "det_cat": 5,
            "det_name": "Printer3D",
            "det_x": 0.9370833039283752,
            "det_y": 0.5795000195503235,
            "det_w": 0.12583333253860474,
            "det_h": 0.2854999899864197,
            "det_score": 0.5039438605308533
        },
        {
            "det_cat": 6,
            "det_name": "Robot",
            "det_x": 0.6177499890327454,
            "det_y": 0.45399999618530273,
            "det_w": 0.4034999907016754,
            "det_h": 0.6740000247955322,
            "det_score": 0.5470529794692993
        },
        {
            "det_cat": 5,
            "det_name": "Printer3D",
            "det_x": 0.9394166469573975,
            "det_y": 0.5793750286102295,
            "det_w": 0.11749999970197678,
            "det_h": 0.18074999749660492,
            "det_score": 0.6275264620780945
        }
    ],
    "img_path": "/Users/kritkorns/Mike/Jacob/AdvancedProject2/rawdata/machine/images/IMG_0243.JPG",
    "img_name": "IMG_0243",
    "img_id": "a97fd63a394baf763721951040826a214e8634a92466f14c1536f499a3c3d525"
}