{
    "detection": [
        {
            "det_cat": 6,
            "det_name": "Robot",
            "det_x": 0.492333322763443,
            "det_y": 0.44600000977516174,
            "det_w": 0.2786666750907898,
            "det_h": 0.7365000247955322,
            "det_score": 0.33914870023727417
        },
        {
            "det_cat": 6,
            "det_name": "Robot",
            "det_x": 0.48524999618530273,
            "det_y": 0.42649999260902405,
            "det_w": 0.2175000011920929,
            "det_h": 0.5529999732971191,
            "det_score": 0.6397484540939331
        },
        {
            "det_cat": 6,
            "det_name": "Robot",
            "det_x": 0.6777499914169312,
            "det_y": 0.5182499885559082,
            "det_w": 0.23649999499320984,
            "det_h": 0.45249998569488525,
            "det_score": 0.7144263982772827
        }
    ],
    "img_path": "/Users/kritkorns/Mike/Jacob/AdvancedProject2/rawdata/machine/images/IMG_0247.JPG",
    "img_name": "IMG_0247",
    "img_id": "8ce501d5dfa0e3541b8e55aa432fac65988b55c3767f04824c31b4a0060ef901"
}