{
    "detection": [
        {
            "det_cat": 0,
            "det_name": "BandSaw",
            "det_x": 0.7879999876022339,
            "det_y": 0.7297499775886536,
            "det_w": 0.42399999499320984,
            "det_h": 0.5404999852180481,
            "det_score": 0.34108638763427734
        },
        {
            "det_cat": 0,
            "det_name": "BandSaw",
            "det_x": 0.8119999766349792,
            "det_y": 0.7578750252723694,
            "det_w": 0.37599998712539673,
            "det_h": 0.4387499988079071,
            "det_score": 0.43974098563194275
        },
        {
            "det_cat": 4,
            "det_name": "MillingMachine",
            "det_x": 0.5802500247955322,
            "det_y": 0.5,
            "det_w": 0.7438333630561829,
            "det_h": 1.0,
            "det_score": 0.5541747808456421
        }
    ],
    "img_path": "/Users/kritkorns/Mike/Jacob/AdvancedProject2/rawdata/machine/images/IMG_0758.JPG",
    "img_name": "IMG_0758",
    "img_id": "1c65d0448f7ca5fbd462c51bc7c755c5e233dc5316321f270535ff5c6380e801"
}