{
    "detection": [
        {
            "det_cat": 2,
            "det_name": "Drillpress",
            "det_x": 0.23866666853427887,
            "det_y": 0.590624988079071,
            "det_w": 0.17299999296665192,
            "det_h": 0.7797499895095825,
            "det_score": 0.2645138204097748
        },
        {
            "det_cat": 6,
            "det_name": "Robot",
            "det_x": 0.8797500133514404,
            "det_y": 0.3503749966621399,
            "det_w": 0.20683333277702332,
            "det_h": 0.7007499933242798,
            "det_score": 0.33401769399642944
        },
        {
            "det_cat": 6,
            "det_name": "Robot",
            "det_x": 0.8739166855812073,
            "det_y": 0.4230000078678131,
            "det_w": 0.25216665863990784,
            "det_h": 0.8460000157356262,
            "det_score": 0.4205639362335205
        },
        {
            "det_cat": 6,
            "det_name": "Robot",
            "det_x": 0.5721666812896729,
            "det_y": 0.48475000262260437,
            "det_w": 0.2173333317041397,
            "det_h": 0.6945000290870667,
            "det_score": 0.6401076316833496
        }
    ],
    "img_path": "/Users/kritkorns/Mike/Jacob/AdvancedProject2/rawdata/machine/images/IMG_0576.JPG",
    "img_name": "IMG_0576",
    "img_id": "391770b365eb07a946e5c00a46d4f083d4c834a97dd982212ac435922b9afc35"
}