{
    "detection": [
        {
            "det_cat": 5,
            "det_name": "Printer3D",
            "det_x": 0.906083345413208,
            "det_y": 0.628000020980835,
            "det_w": 0.13616666197776794,
            "det_h": 0.32850000262260437,
            "det_score": 0.5577152967453003
        },
        {
            "det_cat": 5,
            "det_name": "Printer3D",
            "det_x": 0.8988333344459534,
            "det_y": 0.625249981880188,
            "det_w": 0.1550000011920929,
            "det_h": 0.1745000034570694,
            "det_score": 0.6474876999855042
        },
        {
            "det_cat": 6,
            "det_name": "Robot",
            "det_x": 0.4092499911785126,
            "det_y": 0.4878750145435333,
            "det_w": 0.2251666635274887,
            "det_h": 0.5317500233650208,
            "det_score": 0.6606707572937012
        }
    ],
    "img_path": "/Users/kritkorns/Mike/Jacob/AdvancedProject2/rawdata/machine/images/IMG_0209.JPG",
    "img_name": "IMG_0209",
    "img_id": "a13b889cbb9d31df210f60d5d832bf0231f365db1092ce10fadb1df935321e08"
}