{
    "detection": [
        {
            "det_cat": 6,
            "det_name": "Robot",
            "det_x": 0.6316666603088379,
            "det_y": 0.5043749809265137,
            "det_w": 0.5410000085830688,
            "det_h": 0.96875,
            "det_score": 0.6938284039497375
        },
        {
            "det_cat": 6,
            "det_name": "Robot",
            "det_x": 0.22300000488758087,
            "det_y": 0.5921249985694885,
            "det_w": 0.1509999930858612,
            "det_h": 0.4897499978542328,
            "det_score": 0.7138603329658508
        }
    ],
    "img_path": "/Users/kritkorns/Mike/Jacob/AdvancedProject2/rawdata/machine/images/IMG_0215.JPG",
    "img_name": "IMG_0215",
    "img_id": "a89a992b02edf216afb19b2d881139f3ba83d9771d12d60f346f6f8dd6d3b7d5"
}