{
    "detection": [
        {
            "det_cat": 4,
            "det_name": "MillingMachine",
            "det_x": 0.07649999856948853,
            "det_y": 0.7563750147819519,
            "det_w": 0.13466666638851166,
            "det_h": 0.4582499861717224,
            "det_score": 0.3020850121974945
        },
        {
            "det_cat": 4,
            "det_name": "MillingMachine",
            "det_x": 0.13883332908153534,
            "det_y": 0.46412500739097595,
            "det_w": 0.2446666657924652,
            "det_h": 0.3852500021457672,
            "det_score": 0.3977331221103668
        },
        {
            "det_cat": 4,
            "det_name": "MillingMachine",
            "det_x": 0.5642499923706055,
            "det_y": 0.6496250033378601,
            "det_w": 0.27016666531562805,
            "det_h": 0.5867499709129333,
            "det_score": 0.5603837370872498
        }
    ],
    "img_path": "/Users/kritkorns/Mike/Jacob/AdvancedProject2/rawdata/machine/images/IMG_0707.JPG",
    "img_name": "IMG_0707",
    "img_id": "1ce9041d5d5c2802e1fe002ad3c5b4b4446afb46ca2d19072cfdbf761c653988"
}