{
    "detection": [
        {
            "det_cat": 6,
            "det_name": "Robot",
            "det_x": 0.1419166624546051,
            "det_y": 0.17487500607967377,
            "det_w": 0.053833331912755966,
            "det_h": 0.20074999332427979,
            "det_score": 0.32549333572387695
        },
        {
            "det_cat": 1,
            "det_name": "Conveyors",
            "det_x": 0.7227500081062317,
            "det_y": 0.49262499809265137,
            "det_w": 0.5261666774749756,
            "det_h": 0.5852500200271606,
            "det_score": 0.4177696108818054
        },
        {
            "det_cat": 6,
            "det_name": "Robot",
            "det_x": 0.21441666781902313,
            "det_y": 0.12200000137090683,
            "det_w": 0.12783333659172058,
            "det_h": 0.24400000274181366,
            "det_score": 0.5027552247047424
        },
        {
            "det_cat": 6,
            "det_name": "Robot",
            "det_x": 0.21458333730697632,
            "det_y": 0.08824999630451202,
            "det_w": 0.10350000113248825,
            "det_h": 0.17649999260902405,
            "det_score": 0.5802819728851318
        }
    ],
    "img_path": "/Users/kritkorns/Mike/Jacob/AdvancedProject2/rawdata/machine/images/IMG_0519.JPG",
    "img_name": "IMG_0519",
    "img_id": "cd8d6dae60a81aab942b7926340e9fd8d84100f8bf0272595d0b55954ae18c1c"
}