{
    "detection": [
        {
            "det_cat": 6,
            "det_name": "Robot",
            "det_x": 0.7014166712760925,
            "det_y": 0.609000027179718,
            "det_w": 0.2368333339691162,
            "det_h": 0.4129999876022339,
            "det_score": 0.30015021562576294
        },
        {
            "det_cat": 6,
            "det_name": "Robot",
            "det_x": 0.6288333535194397,
            "det_y": 0.5103750228881836,
            "det_w": 0.5149999856948853,
            "det_h": 0.9792500138282776,
            "det_score": 0.6149553060531616
        }
    ],
    "img_path": "/Users/kritkorns/Mike/Jacob/AdvancedProject2/rawdata/machine/images/IMG_0291.JPG",
    "img_name": "IMG_0291",
    "img_id": "6f9eab1cb284057abb585aed1dd5d8a549385dc819b83abd1bd32877051ba5c3"
}