{
    "detection": [
        {
            "det_cat": 6,
            "det_name": "Robot",
            "det_x": 0.7351666688919067,
            "det_y": 0.40950000286102295,
            "det_w": 0.2996666729450226,
            "det_h": 0.5720000267028809,
            "det_score": 0.455770879983902
        },
        {
            "det_cat": 6,
            "det_name": "Robot",
            "det_x": 0.1730833351612091,
            "det_y": 0.5,
            "det_w": 0.3461666703224182,
            "det_h": 1.0,
            "det_score": 0.4684693515300751
        },
        {
            "det_cat": 6,
            "det_name": "Robot",
            "det_x": 0.44874998927116394,
            "det_y": 0.4751250147819519,
            "det_w": 0.15783333778381348,
            "det_h": 0.3177500069141388,
            "det_score": 0.5421923995018005
        }
    ],
    "img_path": "/Users/kritkorns/Mike/Jacob/AdvancedProject2/rawdata/machine/images/IMG_0621.JPG",
    "img_name": "IMG_0621",
    "img_id": "aeb572ab5b472c8bbaca718c2cf528a3b9fe2a1cc723c610a14b8274f80297d8"
}