{
    "detection": [
        {
            "det_cat": 1,
            "det_name": "Conveyors",
            "det_x": 0.6314166784286499,
            "det_y": 0.5847499966621399,
            "det_w": 0.6284999847412109,
            "det_h": 0.4410000145435333,
            "det_score": 0.3689989745616913
        },
        {
            "det_cat": 1,
            "det_name": "Conveyors",
            "det_x": 0.6317499876022339,
            "det_y": 0.593625009059906,
            "det_w": 0.7321666479110718,
            "det_h": 0.7052500247955322,
            "det_score": 0.5267422199249268
        }
    ],
    "img_path": "/Users/kritkorns/Mike/Jacob/AdvancedProject2/rawdata/machine/images/IMG_0496.JPG",
    "img_name": "IMG_0496",
    "img_id": "abdb21d4e8bfa8a50e5f98ec2426fcd80d06673403a991e79c0833a21e812d90"
}