{
    "detection": [
        {
            "det_cat": 4,
            "det_name": "MillingMachine",
            "det_x": 0.16891667246818542,
            "det_y": 0.5,
            "det_w": 0.33783334493637085,
            "det_h": 1.0,
            "det_score": 0.48243191838264465
        },
        {
            "det_cat": 4,
            "det_name": "MillingMachine",
            "det_x": 0.5696666836738586,
            "det_y": 0.5201249718666077,
            "det_w": 0.4000000059604645,
            "det_h": 0.8207499980926514,
            "det_score": 0.6844743490219116
        }
    ],
    "img_path": "/Users/kritkorns/Mike/Jacob/AdvancedProject2/rawdata/machine/images/IMG_0765.JPG",
    "img_name": "IMG_0765",
    "img_id": "e55b3b1e5b3a01d5f07a2cc27c689a5a71ce6eae9fc26e9d4dcda21645efa0c5"
}