{
    "detection": [
        {
            "det_cat": 4,
            "det_name": "MillingMachine",
            "det_x": 0.6104166507720947,
            "det_y": 0.6287500262260437,
            "det_w": 0.19583334028720856,
            "det_h": 0.7425000071525574,
            "det_score": 0.45220711827278137
        },
        {
            "det_cat": 4,
            "det_name": "MillingMachine",
            "det_x": 0.3109166622161865,
            "det_y": 0.5761250257492065,
            "det_w": 0.35083332657814026,
            "det_h": 0.8477500081062317,
            "det_score": 0.5373010635375977
        },
        {
            "det_cat": 4,
            "det_name": "MillingMachine",
            "det_x": 0.5985000133514404,
            "det_y": 0.5923749804496765,
            "det_w": 0.29366666078567505,
            "det_h": 0.8152499794960022,
            "det_score": 0.6069639325141907
        }
    ],
    "img_path": "/Users/kritkorns/Mike/Jacob/AdvancedProject2/rawdata/machine/images/IMG_0697.JPG",
    "img_name": "IMG_0697",
    "img_id": "40c4e0b34a30f1c6a11803ffff59e2d5f23cfa28eb3e304c088d9296cd944a66"
}