{
    "detection": [
        {
            "det_cat": 4,
            "det_name": "MillingMachine",
            "det_x": 0.8300833106040955,
            "det_y": 0.6869999766349792,
            "det_w": 0.3331666588783264,
            "det_h": 0.5879999995231628,
            "det_score": 0.3133973181247711
        },
        {
            "det_cat": 0,
            "det_name": "BandSaw",
            "det_x": 0.5814999938011169,
            "det_y": 0.4065000116825104,
            "det_w": 0.40533334016799927,
            "det_h": 0.43050000071525574,
            "det_score": 0.5491517186164856
        }
    ],
    "img_path": "/Users/kritkorns/Mike/Jacob/AdvancedProject2/rawdata/machine/images/IMG_1058.JPG",
    "img_name": "IMG_1058",
    "img_id": "3e0f419de30ba10361f71eb1873cf4c7cce2522b1e7411ac898d6ff10a616eea"
}