{
    "detection": [
        {
            "det_cat": 6,
            "det_name": "Robot",
            "det_x": 0.47308334708213806,
            "det_y": 0.5208749771118164,
            "det_w": 0.10183333605527878,
            "det_h": 0.3057500123977661,
            "det_score": 0.4761604368686676
        },
        {
            "det_cat": 6,
            "det_name": "Robot",
            "det_x": 0.11675000190734863,
            "det_y": 0.5756250023841858,
            "det_w": 0.132833331823349,
            "det_h": 0.2292499989271164,
            "det_score": 0.5773819088935852
        },
        {
            "det_cat": 6,
            "det_name": "Robot",
            "det_x": 0.06266666948795319,
            "det_y": 0.5332499742507935,
            "det_w": 0.0860000029206276,
            "det_h": 0.2770000100135803,
            "det_score": 0.5905672311782837
        }
    ],
    "img_path": "/Users/kritkorns/Mike/Jacob/AdvancedProject2/rawdata/machine/images/IMG_0337.JPG",
    "img_name": "IMG_0337",
    "img_id": "40adc258113a51697b26317a0f9443a57b92c1727a0e00828103253b25ad4f9e"
}