{
    "detection": [
        {
            "det_cat": 6,
            "det_name": "Robot",
            "det_x": 0.7271666526794434,
            "det_y": 0.24449999630451202,
            "det_w": 0.16766667366027832,
            "det_h": 0.4625000059604645,
            "det_score": 0.5600804090499878
        },
        {
            "det_cat": 6,
            "det_name": "Robot",
            "det_x": 0.7191666960716248,
            "det_y": 0.3216249942779541,
            "det_w": 0.25566667318344116,
            "det_h": 0.44975000619888306,
            "det_score": 0.5813506841659546
        }
    ],
    "img_path": "/Users/kritkorns/Mike/Jacob/AdvancedProject2/rawdata/machine/images/IMG_0604.JPG",
    "img_name": "IMG_0604",
    "img_id": "588d6be443d146e86e54c7b6479a55ea671280774d4fa2e3b02ce90dbaf418f4"
}