{
    "detection": [
        {
            "det_cat": 5,
            "det_name": "Printer3D",
            "det_x": 0.31458333134651184,
            "det_y": 0.028750000521540642,
            "det_w": 0.09683333337306976,
            "det_h": 0.057500001043081284,
            "det_score": 0.27595481276512146
        },
        {
            "det_cat": 5,
            "det_name": "Printer3D",
            "det_x": 0.242249995470047,
            "det_y": 0.030124999582767487,
            "det_w": 0.09849999845027924,
            "det_h": 0.06024999916553497,
            "det_score": 0.3285864293575287
        },
        {
            "det_cat": 6,
            "det_name": "Robot",
            "det_x": 0.17558333277702332,
            "det_y": 0.4503749907016754,
            "det_w": 0.35116666555404663,
            "det_h": 0.8957499861717224,
            "det_score": 0.6606484651565552
        },
        {
            "det_cat": 6,
            "det_name": "Robot",
            "det_x": 0.43016666173934937,
            "det_y": 0.44449999928474426,
            "det_w": 0.10599999874830246,
            "det_h": 0.39899998903274536,
            "det_score": 0.7531718015670776
        }
    ],
    "img_path": "/Users/kritkorns/Mike/Jacob/AdvancedProject2/rawdata/machine/images/IMG_0539.JPG",
    "img_name": "IMG_0539",
    "img_id": "66f771d7f4b9ea921127c79a5de220c53c385e7de43efb196550f17d54aad130"
}