{
    "detection": [
        {
            "det_cat": 6,
            "det_name": "Robot",
            "det_x": 0.5560833215713501,
            "det_y": 0.5262500047683716,
            "det_w": 0.3968333303928375,
            "det_h": 0.7105000019073486,
            "det_score": 0.6355840563774109
        },
        {
            "det_cat": 6,
            "det_name": "Robot",
            "det_x": 0.5415833592414856,
            "det_y": 0.5287500023841858,
            "det_w": 0.30149999260902405,
            "det_h": 0.5360000133514404,
            "det_score": 0.6816465854644775
        },
        {
            "det_cat": 6,
            "det_name": "Robot",
            "det_x": 0.2995833456516266,
            "det_y": 0.6273750066757202,
            "det_w": 0.15216666460037231,
            "det_h": 0.3527500033378601,
            "det_score": 0.6880926489830017
        }
    ],
    "img_path": "/Users/kritkorns/Mike/Jacob/AdvancedProject2/rawdata/machine/images/IMG_0235.JPG",
    "img_name": "IMG_0235",
    "img_id": "4e3b49823f520b9ffd214b0f93fc2262664d849f36a672b2faabfbbf487052e1"
}