{
    "detection": [
        {
            "det_cat": 1,
            "det_name": "Conveyors",
            "det_x": 0.3348333239555359,
            "det_y": 0.6023749709129333,
            "det_w": 0.6696666479110718,
            "det_h": 0.6882500052452087,
            "det_score": 0.26654601097106934
        },
        {
            "det_cat": 1,
            "det_name": "Conveyors",
            "det_x": 0.23133333027362823,
            "det_y": 0.593625009059906,
            "det_w": 0.46266666054725647,
            "det_h": 0.5367500185966492,
            "det_score": 0.3811478018760681
        },
        {
            "det_cat": 6,
            "det_name": "Robot",
            "det_x": 0.5855000019073486,
            "det_y": 0.460999995470047,
            "det_w": 0.30566665530204773,
            "det_h": 0.6349999904632568,
            "det_score": 0.7220743894577026
        }
    ],
    "img_path": "/Users/kritkorns/Mike/Jacob/AdvancedProject2/rawdata/machine/images/IMG_0580.JPG",
    "img_name": "IMG_0580",
    "img_id": "00302d8b86785a4a27577c97125501e87bc2fbac6d83488664c027486f0dcdca"
}