{
    "detection": [
        {
            "det_cat": 6,
            "det_name": "Robot",
            "det_x": 0.19099999964237213,
            "det_y": 0.550000011920929,
            "det_w": 0.2516666650772095,
            "det_h": 0.6625000238418579,
            "det_score": 0.5330183506011963
        },
        {
            "det_cat": 6,
            "det_name": "Robot",
            "det_x": 0.18416666984558105,
            "det_y": 0.5481250286102295,
            "det_w": 0.18933333456516266,
            "det_h": 0.5247499942779541,
            "det_score": 0.7289450764656067
        },
        {
            "det_cat": 6,
            "det_name": "Robot",
            "det_x": 0.6389999985694885,
            "det_y": 0.47837498784065247,
            "det_w": 0.5540000200271606,
            "det_h": 0.9567499756813049,
            "det_score": 0.7429796457290649
        }
    ],
    "img_path": "/Users/kritkorns/Mike/Jacob/AdvancedProject2/rawdata/machine/images/IMG_0200.JPG",
    "img_name": "IMG_0200",
    "img_id": "38e4b8785d1ff32798d9d0ac2b716c5a3608cf1474294dd8f6781a0f27c65589"
}