{
    "detection": [
        {
            "det_cat": 4,
            "det_name": "MillingMachine",
            "det_x": 0.37158334255218506,
            "det_y": 0.5,
            "det_w": 0.6958333253860474,
            "det_h": 1.0,
            "det_score": 0.451805055141449
        },
        {
            "det_cat": 4,
            "det_name": "MillingMachine",
            "det_x": 0.8980833292007446,
            "det_y": 0.3802500069141388,
            "det_w": 0.20383332669734955,
            "det_h": 0.7605000138282776,
            "det_score": 0.5157910585403442
        },
        {
            "det_cat": 4,
            "det_name": "MillingMachine",
            "det_x": 0.7516666650772095,
            "det_y": 0.36912500858306885,
            "det_w": 0.34066668152809143,
            "det_h": 0.5092499852180481,
            "det_score": 0.609586238861084
        }
    ],
    "img_path": "/Users/kritkorns/Mike/Jacob/AdvancedProject2/rawdata/machine/images/IMG_0633.JPG",
    "img_name": "IMG_0633",
    "img_id": "8c95ba312c0ff241dbc657baf41e3322dcfec20086864e0b340b9d6eab8ae67d"
}