{
    "detection": [
        {
            "det_cat": 4,
            "det_name": "MillingMachine",
            "det_x": 0.7316666841506958,
            "det_y": 0.7651249766349792,
            "det_w": 0.4480000138282776,
            "det_h": 0.3762499988079071,
            "det_score": 0.2623580992221832
        },
        {
            "det_cat": 0,
            "det_name": "BandSaw",
            "det_x": 0.19308333098888397,
            "det_y": 0.7275000214576721,
            "det_w": 0.33516666293144226,
            "det_h": 0.37700000405311584,
            "det_score": 0.271516352891922
        },
        {
            "det_cat": 4,
            "det_name": "MillingMachine",
            "det_x": 0.6669999957084656,
            "det_y": 0.534375011920929,
            "det_w": 0.3149999976158142,
            "det_h": 0.41075000166893005,
            "det_score": 0.34112057089805603
        }
    ],
    "img_path": "/Users/kritkorns/Mike/Jacob/AdvancedProject2/rawdata/machine/images/IMG_0861.JPG",
    "img_name": "IMG_0861",
    "img_id": "0daa13a760b19bfdb15a25eb04207b8bf1adae7db5458d1f86a90ce42b2fc5f4"
}