{
    "detection": [
        {
            "det_cat": 6,
            "det_name": "Robot",
            "det_x": 0.6345000267028809,
            "det_y": 0.5226250290870667,
            "det_w": 0.2696666717529297,
            "det_h": 0.8507500290870667,
            "det_score": 0.2587057054042816
        },
        {
            "det_cat": 6,
            "det_name": "Robot",
            "det_x": 0.6498333215713501,
            "det_y": 0.5,
            "det_w": 0.35499998927116394,
            "det_h": 1.0,
            "det_score": 0.6139571666717529
        }
    ],
    "img_path": "/Users/kritkorns/Mike/Jacob/AdvancedProject2/rawdata/machine/images/IMG_0329.JPG",
    "img_name": "IMG_0329",
    "img_id": "ef8b3e6aad89e5088af94652ff100cd56eddd03ea7172e1a008fd377d719b6b9"
}