{
    "detection": [
        {
            "det_cat": 4,
            "det_name": "MillingMachine",
            "det_x": 0.4326666593551636,
            "det_y": 0.5715000033378601,
            "det_w": 0.6553333401679993,
            "det_h": 0.8569999933242798,
            "det_score": 0.3998451232910156
        },
        {
            "det_cat": 4,
            "det_name": "MillingMachine",
            "det_x": 0.7117499709129333,
            "det_y": 0.6792500019073486,
            "det_w": 0.5764999985694885,
            "det_h": 0.6414999961853027,
            "det_score": 0.41666650772094727
        }
    ],
    "img_path": "/Users/kritkorns/Mike/Jacob/AdvancedProject2/rawdata/machine/images/IMG_0646.JPG",
    "img_name": "IMG_0646",
    "img_id": "4e99c01f676f258ccd914daf4818dac5b4ac4d9c010d069d48102481d94ef076"
}