{
    "detection": [
        {
            "det_cat": 6,
            "det_name": "Robot",
            "det_x": 0.7210833430290222,
            "det_y": 0.5512499809265137,
            "det_w": 0.22816666960716248,
            "det_h": 0.5630000233650208,
            "det_score": 0.6386305093765259
        },
        {
            "det_cat": 6,
            "det_name": "Robot",
            "det_x": 0.3752500116825104,
            "det_y": 0.4503749907016754,
            "det_w": 0.3141666650772095,
            "det_h": 0.6307500004768372,
            "det_score": 0.729581356048584
        }
    ],
    "img_path": "/Users/kritkorns/Mike/Jacob/AdvancedProject2/rawdata/machine/images/IMG_0206.JPG",
    "img_name": "IMG_0206",
    "img_id": "1dc0930de522b98e17a51a0718dbb4334eb2cd01f8af32963bd571fdcfc215f4"
}