{
    "detection": [
        {
            "det_cat": 6,
            "det_name": "Robot",
            "det_x": 0.8878333568572998,
            "det_y": 0.19900000095367432,
            "det_w": 0.21899999678134918,
            "det_h": 0.39800000190734863,
            "det_score": 0.2606610059738159
        },
        {
            "det_cat": 6,
            "det_name": "Robot",
            "det_x": 0.8724166750907898,
            "det_y": 0.3501250147819519,
            "det_w": 0.2278333306312561,
            "det_h": 0.7002500295639038,
            "det_score": 0.30566227436065674
        },
        {
            "det_cat": 6,
            "det_name": "Robot",
            "det_x": 0.8661666512489319,
            "det_y": 0.42287498712539673,
            "det_w": 0.26766666769981384,
            "det_h": 0.8457499742507935,
            "det_score": 0.3773699104785919
        },
        {
            "det_cat": 6,
            "det_name": "Robot",
            "det_x": 0.5980833172798157,
            "det_y": 0.5107499957084656,
            "det_w": 0.26216667890548706,
            "det_h": 0.6855000257492065,
            "det_score": 0.7318512797355652
        }
    ],
    "img_path": "/Users/kritkorns/Mike/Jacob/AdvancedProject2/rawdata/machine/images/IMG_0575.JPG",
    "img_name": "IMG_0575",
    "img_id": "6b6a8db7b10a5624a675bc274a437b1f8c9a5768597e8dc42a12e2d3247dfa7b"
}