{
    "detection": [
        {
            "det_cat": 0,
            "det_name": "BandSaw",
            "det_x": 0.527999997138977,
            "det_y": 0.38462498784065247,
            "det_w": 0.5640000104904175,
            "det_h": 0.6777499914169312,
            "det_score": 0.2610868215560913
        },
        {
            "det_cat": 4,
            "det_name": "MillingMachine",
            "det_x": 0.42783331871032715,
            "det_y": 0.26737499237060547,
            "det_w": 0.37533333897590637,
            "det_h": 0.5347499847412109,
            "det_score": 0.38324737548828125
        },
        {
            "det_cat": 4,
            "det_name": "MillingMachine",
            "det_x": 0.9010000228881836,
            "det_y": 0.2370000034570694,
            "det_w": 0.1979999989271164,
            "det_h": 0.4584999978542328,
            "det_score": 0.45828893780708313
        }
    ],
    "img_path": "/Users/kritkorns/Mike/Jacob/AdvancedProject2/rawdata/machine/images/IMG_1003.JPG",
    "img_name": "IMG_1003",
    "img_id": "2512af173efd329ccd9ac611a4fdcc08771b70f1a29722501162f269ce4c6ba3"
}