{
    "detection": [
        {
            "det_cat": 4,
            "det_name": "MillingMachine",
            "det_x": 0.26383334398269653,
            "det_y": 0.6359999775886536,
            "det_w": 0.3610000014305115,
            "det_h": 0.492000013589859,
            "det_score": 0.359508752822876
        },
        {
            "det_cat": 4,
            "det_name": "MillingMachine",
            "det_x": 0.24583333730697632,
            "det_y": 0.8168749809265137,
            "det_w": 0.28066667914390564,
            "det_h": 0.359250009059906,
            "det_score": 0.5387065410614014
        },
        {
            "det_cat": 4,
            "det_name": "MillingMachine",
            "det_x": 0.8727499842643738,
            "det_y": 0.7141249775886536,
            "det_w": 0.25450000166893005,
            "det_h": 0.5697500109672546,
            "det_score": 0.6428608894348145
        }
    ],
    "img_path": "/Users/kritkorns/Mike/Jacob/AdvancedProject2/rawdata/machine/images/IMG_0859.JPG",
    "img_name": "IMG_0859",
    "img_id": "fc5533eeedc62df7b79bc346fd14fbf3dd7b2869d9fcc17ccfc5dbbf1633f65b"
}