{
    "detection": [
        {
            "det_cat": 0,
            "det_name": "BandSaw",
            "det_x": 0.9350000023841858,
            "det_y": 0.6078749895095825,
            "det_w": 0.12999999523162842,
            "det_h": 0.4827499985694885,
            "det_score": 0.31010979413986206
        },
        {
            "det_cat": 0,
            "det_name": "BandSaw",
            "det_x": 0.9435833096504211,
            "det_y": 0.6840000152587891,
            "det_w": 0.11283333599567413,
            "det_h": 0.3199999928474426,
            "det_score": 0.39803290367126465
        },
        {
            "det_cat": 4,
            "det_name": "MillingMachine",
            "det_x": 0.565750002861023,
            "det_y": 0.5407500267028809,
            "det_w": 0.7221666574478149,
            "det_h": 0.9185000061988831,
            "det_score": 0.5621419548988342
        }
    ],
    "img_path": "/Users/kritkorns/Mike/Jacob/AdvancedProject2/rawdata/machine/images/IMG_0788.JPG",
    "img_name": "IMG_0788",
    "img_id": "10214b36c6036143933abbf4fbc7c833843178c4c05aae5a830a497b29b55e83"
}