{
    "detection": [
        {
            "det_cat": 4,
            "det_name": "MillingMachine",
            "det_x": 0.5647500157356262,
            "det_y": 0.5802500247955322,
            "det_w": 0.3968333303928375,
            "det_h": 0.8220000267028809,
            "det_score": 0.4069221317768097
        },
        {
            "det_cat": 4,
            "det_name": "MillingMachine",
            "det_x": 0.768583357334137,
            "det_y": 0.234375,
            "det_w": 0.29350000619888306,
            "det_h": 0.3777500092983246,
            "det_score": 0.44088080525398254
        },
        {
            "det_cat": 0,
            "det_name": "BandSaw",
            "det_x": 0.2957499921321869,
            "det_y": 0.3425000011920929,
            "det_w": 0.3088333308696747,
            "det_h": 0.27399998903274536,
            "det_score": 0.5345923900604248
        }
    ],
    "img_path": "/Users/kritkorns/Mike/Jacob/AdvancedProject2/rawdata/machine/images/IMG_0733.JPG",
    "img_name": "IMG_0733",
    "img_id": "0e31aacd25546ea725b013e5265eeb6de848f0a7a27f3afce223436e6adc1a6b"
}