{
    "detection": [
        {
            "det_cat": 4,
            "det_name": "MillingMachine",
            "det_x": 0.19333332777023315,
            "det_y": 0.4650000035762787,
            "det_w": 0.23199999332427979,
            "det_h": 0.35899999737739563,
            "det_score": 0.26110896468162537
        },
        {
            "det_cat": 2,
            "det_name": "Drillpress",
            "det_x": 0.5832499861717224,
            "det_y": 0.6113749742507935,
            "det_w": 0.148499995470047,
            "det_h": 0.6002500057220459,
            "det_score": 0.27958619594573975
        }
    ],
    "img_path": "/Users/kritkorns/Mike/Jacob/AdvancedProject2/rawdata/machine/images/IMG_0953.JPG",
    "img_name": "IMG_0953",
    "img_id": "5df36534ed20d37417a90f358155761d0cfddb66034a233445aa6ef69965ec2c"
}