{
    "detection": [
        {
            "det_cat": 5,
            "det_name": "Printer3D",
            "det_x": 0.46683332324028015,
            "det_y": 0.47049999237060547,
            "det_w": 0.25966668128967285,
            "det_h": 0.4390000104904175,
            "det_score": 0.4021625816822052
        },
        {
            "det_cat": 5,
            "det_name": "Printer3D",
            "det_x": 0.46533334255218506,
            "det_y": 0.4632500112056732,
            "det_w": 0.22300000488758087,
            "det_h": 0.3059999942779541,
            "det_score": 0.6342844367027283
        },
        {
            "det_cat": 5,
            "det_name": "Printer3D",
            "det_x": 0.6485000252723694,
            "det_y": 0.48387500643730164,
            "det_w": 0.17499999701976776,
            "det_h": 0.26625001430511475,
            "det_score": 0.6794614195823669
        }
    ],
    "img_path": "/Users/kritkorns/Mike/Jacob/AdvancedProject2/rawdata/machine/images/IMG_0377.JPG",
    "img_name": "IMG_0377",
    "img_id": "63ef8f4e10860b728a2d7a471f8d8d188741213ca62e5c42093a8b1dfe6c8a15"
}