{
    "detection": [
        {
            "det_cat": 1,
            "det_name": "Conveyors",
            "det_x": 0.4257499873638153,
            "det_y": 0.5766249895095825,
            "det_w": 0.628166675567627,
            "det_h": 0.7952499985694885,
            "det_score": 0.27369800209999084
        },
        {
            "det_cat": 1,
            "det_name": "Conveyors",
            "det_x": 0.38233333826065063,
            "det_y": 0.625249981880188,
            "det_w": 0.359333336353302,
            "det_h": 0.359499990940094,
            "det_score": 0.3812634348869324
        },
        {
            "det_cat": 1,
            "det_name": "Conveyors",
            "det_x": 0.37291666865348816,
            "det_y": 0.6162499785423279,
            "det_w": 0.47450000047683716,
            "det_h": 0.47699999809265137,
            "det_score": 0.404954195022583
        },
        {
            "det_cat": 1,
            "det_name": "Conveyors",
            "det_x": 0.6085000038146973,
            "det_y": 0.45137500762939453,
            "det_w": 0.7829999923706055,
            "det_h": 0.8847500085830688,
            "det_score": 0.4100658893585205
        }
    ],
    "img_path": "/Users/kritkorns/Mike/Jacob/AdvancedProject2/rawdata/machine/images/IMG_0456.JPG",
    "img_name": "IMG_0456",
    "img_id": "acda7731cdc2fc09cf87edb985c9780db5a303b0639909772a5a3106f48e00e5"
}