{
    "detection": [
        {
            "det_cat": 6,
            "det_name": "Robot",
            "det_x": 0.23491667211055756,
            "det_y": 0.5961250066757202,
            "det_w": 0.4698333442211151,
            "det_h": 0.8077499866485596,
            "det_score": 0.5969494581222534
        },
        {
            "det_cat": 6,
            "det_name": "Robot",
            "det_x": 0.5566666722297668,
            "det_y": 0.5540000200271606,
            "det_w": 0.45500001311302185,
            "det_h": 0.8920000195503235,
            "det_score": 0.6175485849380493
        }
    ],
    "img_path": "/Users/kritkorns/Mike/Jacob/AdvancedProject2/rawdata/machine/images/IMG_0323.JPG",
    "img_name": "IMG_0323",
    "img_id": "8f491ac89c93227af48c04db44701d12635904f4163e351ba13c1b95dd929e48"
}