{
    "detection": [
        {
            "det_cat": 4,
            "det_name": "MillingMachine",
            "det_x": 0.7350833415985107,
            "det_y": 0.34474998712539673,
            "det_w": 0.21383333206176758,
            "det_h": 0.3009999990463257,
            "det_score": 0.317348837852478
        },
        {
            "det_cat": 4,
            "det_name": "MillingMachine",
            "det_x": 0.5218333601951599,
            "det_y": 0.5,
            "det_w": 0.6573333144187927,
            "det_h": 1.0,
            "det_score": 0.5591527819633484
        },
        {
            "det_cat": 4,
            "det_name": "MillingMachine",
            "det_x": 0.8697500228881836,
            "det_y": 0.3086250126361847,
            "det_w": 0.2605000138282776,
            "det_h": 0.5882499814033508,
            "det_score": 0.6320905089378357
        }
    ],
    "img_path": "/Users/kritkorns/Mike/Jacob/AdvancedProject2/rawdata/machine/images/IMG_0631.JPG",
    "img_name": "IMG_0631",
    "img_id": "1318508da50de1b07958478219eeb7e1c9675b9b84f107631c6eb1b2756ef46f"
}