{
    "detection": [
        {
            "det_cat": 18,
            "det_name": "MillingMachine_Controls",
            "det_x": 0.5820833444595337,
            "det_y": 0.3921250104904175,
            "det_w": 0.024166665971279144,
            "det_h": 0.07374999672174454,
            "det_score": 0.3427375257015228
        },
        {
            "det_cat": 18,
            "det_name": "MillingMachine_Controls",
            "det_x": 0.6858333349227905,
            "det_y": 0.38225001096725464,
            "det_w": 0.07100000232458115,
            "det_h": 0.1875,
            "det_score": 0.3542413115501404
        },
        {
            "det_cat": 21,
            "det_name": "MillingMachine_WorkTable",
            "det_x": 0.7174166440963745,
            "det_y": 0.6184999942779541,
            "det_w": 0.15916666388511658,
            "det_h": 0.07850000262260437,
            "det_score": 0.4790312349796295
        }
    ],
    "img_path": "/data/home/mike/advanced_project2/dataset/machines/IMG_0789.JPG",
    "img_name": "IMG_0789",
    "img_id": "9b0acd20edbb1d2da08f606570669f958adfb5481943ed72cf842cee8b1446cc"
}