{
    "detection": [
        {
            "det_cat": 18,
            "det_name": "MillingMachine_Controls",
            "det_x": 0.5107499957084656,
            "det_y": 0.30412501096725464,
            "det_w": 0.039500001817941666,
            "det_h": 0.11124999821186066,
            "det_score": 0.25775861740112305
        },
        {
            "det_cat": 21,
            "det_name": "MillingMachine_WorkTable",
            "det_x": 0.6433333158493042,
            "det_y": 0.518625020980835,
            "det_w": 0.17633333802223206,
            "det_h": 0.08275000005960464,
            "det_score": 0.29758942127227783
        },
        {
            "det_cat": 18,
            "det_name": "MillingMachine_Controls",
            "det_x": 0.5111666917800903,
            "det_y": 0.2981249988079071,
            "det_w": 0.024666666984558105,
            "det_h": 0.0677499994635582,
            "det_score": 0.3082753121852875
        },
        {
            "det_cat": 18,
            "det_name": "MillingMachine_Controls",
            "det_x": 0.6128333210945129,
            "det_y": 0.2902500033378601,
            "det_w": 0.07100000232458115,
            "det_h": 0.1979999989271164,
            "det_score": 0.3924387991428375
        }
    ],
    "img_path": "/data/home/mike/advanced_project2/dataset/machines/IMG_0793.JPG",
    "img_name": "IMG_0793",
    "img_id": "5ca6b90a950863577c6f54f0f0cc6a1bd0e564d3f388d4117f8602aec11bacb3"
}