{
    "detection": [
        {
            "det_cat": 18,
            "det_name": "MillingMachine_Controls",
            "det_x": 0.6805833578109741,
            "det_y": 0.4398750066757202,
            "det_w": 0.06916666775941849,
            "det_h": 0.21025000512599945,
            "det_score": 0.32659968733787537
        },
        {
            "det_cat": 18,
            "det_name": "MillingMachine_Controls",
            "det_x": 0.6788333058357239,
            "det_y": 0.43937501311302185,
            "det_w": 0.052000001072883606,
            "det_h": 0.14925000071525574,
            "det_score": 0.4189985394477844
        },
        {
            "det_cat": 21,
            "det_name": "MillingMachine_WorkTable",
            "det_x": 0.7011666893959045,
            "det_y": 0.6268749833106995,
            "det_w": 0.1613333374261856,
            "det_h": 0.08174999803304672,
            "det_score": 0.5173601508140564
        }
    ],
    "img_path": "/data/home/mike/advanced_project2/dataset/machines/IMG_0783.JPG",
    "img_name": "IMG_0783",
    "img_id": "3d1433a7d9b2e52e8ba740cc76d046fb03aeeaab2060342090db4b226eea99cf"
}