{
    "detection": [
        {
            "det_cat": 24,
            "det_name": "Robot_UpperArm",
            "det_x": 0.5160833597183228,
            "det_y": 0.44837498664855957,
            "det_w": 0.32216668128967285,
            "det_h": 0.18424999713897705,
            "det_score": 0.29472067952156067
        },
        {
            "det_cat": 24,
            "det_name": "Robot_UpperArm",
            "det_x": 0.5338333249092102,
            "det_y": 0.3043749928474426,
            "det_w": 0.2133333384990692,
            "det_h": 0.29774999618530273,
            "det_score": 0.36130303144454956
        },
        {
            "det_cat": 22,
            "det_name": "Robot_BaseArm",
            "det_x": 0.43700000643730164,
            "det_y": 0.6372500061988831,
            "det_w": 0.13099999725818634,
            "det_h": 0.6294999718666077,
            "det_score": 0.6159787178039551
        },
        {
            "det_cat": 24,
            "det_name": "Robot_UpperArm",
            "det_x": 0.528083324432373,
            "det_y": 0.4569999873638153,
            "det_w": 0.34683331847190857,
            "det_h": 0.29499998688697815,
            "det_score": 0.6649995446205139
        }
    ],
    "img_path": "/data/home/mike/advanced_project2/dataset/machines/IMG_0199.JPG",
    "img_name": "IMG_0199",
    "img_id": "4c30ed4774e05fc7a1508cfda4b409d8df3ad71698bc806cb404f863684e5bed"
}