{
    "detection": [
        {
            "det_cat": 21,
            "det_name": "MillingMachine_WorkTable",
            "det_x": 0.429500013589859,
            "det_y": 0.5862500071525574,
            "det_w": 0.16200000047683716,
            "det_h": 0.09650000184774399,
            "det_score": 0.27299854159355164
        },
        {
            "det_cat": 18,
            "det_name": "MillingMachine_Controls",
            "det_x": 0.41441667079925537,
            "det_y": 0.34687501192092896,
            "det_w": 0.07516666501760483,
            "det_h": 0.24924999475479126,
            "det_score": 0.4110983610153198
        },
        {
            "det_cat": 18,
            "det_name": "MillingMachine_Controls",
            "det_x": 0.4115000069141388,
            "det_y": 0.3518750071525574,
            "det_w": 0.05400000140070915,
            "det_h": 0.19625000655651093,
            "det_score": 0.4973007142543793
        }
    ],
    "img_path": "/data/home/mike/advanced_project2/dataset/machines/IMG_0897.JPG",
    "img_name": "IMG_0897",
    "img_id": "97d686205b8e93d0b9ba231b67adfc9b9431605f6354c33d715061f1c564d34b"
}