{
    "detection": [
        {
            "det_cat": 18,
            "det_name": "MillingMachine_Controls",
            "det_x": 0.3349166810512543,
            "det_y": 0.4477500021457672,
            "det_w": 0.08349999785423279,
            "det_h": 0.2485000044107437,
            "det_score": 0.36332398653030396
        },
        {
            "det_cat": 18,
            "det_name": "MillingMachine_Controls",
            "det_x": 0.3374166786670685,
            "det_y": 0.45274999737739563,
            "det_w": 0.059166666120290756,
            "det_h": 0.18050000071525574,
            "det_score": 0.477260947227478
        }
    ],
    "img_path": "/data/home/mike/advanced_project2/dataset/machines/IMG_0805.JPG",
    "img_name": "IMG_0805",
    "img_id": "a081ce7d78b62bc58327a07ff6503eb7bddc8582e56b80ca7d1cb428c0a3d12b"
}