{
    "detection": [
        {
            "det_cat": 18,
            "det_name": "MillingMachine_Controls",
            "det_x": 0.6552500128746033,
            "det_y": 0.38350000977516174,
            "det_w": 0.03816666826605797,
            "det_h": 0.13349999487400055,
            "det_score": 0.3035005033016205
        },
        {
            "det_cat": 18,
            "det_name": "MillingMachine_Controls",
            "det_x": 0.7788333296775818,
            "det_y": 0.36500000953674316,
            "det_w": 0.09433333575725555,
            "det_h": 0.27649998664855957,
            "det_score": 0.39892780780792236
        },
        {
            "det_cat": 18,
            "det_name": "MillingMachine_Controls",
            "det_x": 0.6545833349227905,
            "det_y": 0.37700000405311584,
            "det_w": 0.02850000001490116,
            "det_h": 0.09049999713897705,
            "det_score": 0.40311378240585327
        },
        {
            "det_cat": 21,
            "det_name": "MillingMachine_WorkTable",
            "det_x": 0.8368333578109741,
            "det_y": 0.6671249866485596,
            "det_w": 0.1993333399295807,
            "det_h": 0.09724999964237213,
            "det_score": 0.44802868366241455
        }
    ],
    "img_path": "/data/home/mike/advanced_project2/dataset/machines/IMG_0791.JPG",
    "img_name": "IMG_0791",
    "img_id": "397da50c3257785e470cdd3ed719b1ddbdf8b38dd13e82a419a933151770b5ab"
}