{
    "detection": [
        {
            "det_cat": 18,
            "det_name": "MillingMachine_Controls",
            "det_x": 0.6138333082199097,
            "det_y": 0.17362500727176666,
            "det_w": 0.16333332657814026,
            "det_h": 0.3472500145435333,
            "det_score": 0.2708946764469147
        },
        {
            "det_cat": 18,
            "det_name": "MillingMachine_Controls",
            "det_x": 0.40716665983200073,
            "det_y": 0.19200000166893005,
            "det_w": 0.06800000369548798,
            "det_h": 0.21250000596046448,
            "det_score": 0.43677183985710144
        },
        {
            "det_cat": 18,
            "det_name": "MillingMachine_Controls",
            "det_x": 0.4078333377838135,
            "det_y": 0.19337500631809235,
            "det_w": 0.04633333161473274,
            "det_h": 0.17225000262260437,
            "det_score": 0.5209679007530212
        }
    ],
    "img_path": "/data/home/mike/advanced_project2/dataset/machines/IMG_0749.JPG",
    "img_name": "IMG_0749",
    "img_id": "1e02987b458017e59b184d67d283bc9062912e91ce62283a3f7bd2707259de78"
}