{
    "detection": [
        {
            "det_cat": 6,
            "det_name": "Conveyors_Bed",
            "det_x": 0.3306666612625122,
            "det_y": 0.5138750076293945,
            "det_w": 0.3036666810512543,
            "det_h": 0.3957499861717224,
            "det_score": 0.3325529992580414
        },
        {
            "det_cat": 24,
            "det_name": "Robot_UpperArm",
            "det_x": 0.1133333370089531,
            "det_y": 0.10012499988079071,
            "det_w": 0.20999999344348907,
            "det_h": 0.20024999976158142,
            "det_score": 0.5047396421432495
        },
        {
            "det_cat": 23,
            "det_name": "Robot_Head",
            "det_x": 0.06258333474397659,
            "det_y": 0.335750013589859,
            "det_w": 0.08216666430234909,
            "det_h": 0.23499999940395355,
            "det_score": 0.6212228536605835
        }
    ],
    "img_path": "/data/home/mike/advanced_project2/dataset/machines/IMG_0500.JPG",
    "img_name": "IMG_0500",
    "img_id": "46bcf620b3b2fca44a4346813089499179277ab720e750ebd6f38e314e33708e"
}