{
    "detection": [
        {
            "det_cat": 18,
            "det_name": "MillingMachine_Controls",
            "det_x": 0.531166672706604,
            "det_y": 0.25824999809265137,
            "det_w": 0.05366666615009308,
            "det_h": 0.20250000059604645,
            "det_score": 0.2961873710155487
        },
        {
            "det_cat": 18,
            "det_name": "MillingMachine_Controls",
            "det_x": 0.5291666388511658,
            "det_y": 0.24962499737739563,
            "det_w": 0.041999999433755875,
            "det_h": 0.15125000476837158,
            "det_score": 0.35335442423820496
        },
        {
            "det_cat": 21,
            "det_name": "MillingMachine_WorkTable",
            "det_x": 0.7964166402816772,
            "det_y": 0.6940000057220459,
            "det_w": 0.33516666293144226,
            "det_h": 0.1535000056028366,
            "det_score": 0.41384825110435486
        }
    ],
    "img_path": "/data/home/mike/advanced_project2/dataset/machines/IMG_0741.JPG",
    "img_name": "IMG_0741",
    "img_id": "d2caecdaa6b3c967ee39eea5939bf8eb64cc06d92c79db2feccfcc6db7374ee2"
}