{
    "detection": [
        {
            "det_cat": 1,
            "det_name": "Printer3D_Filament",
            "det_x": 0.7821666598320007,
            "det_y": 0.6025000214576721,
            "det_w": 0.08133333176374435,
            "det_h": 0.15800000727176666,
            "det_score": 0.2514866888523102
        },
        {
            "det_cat": 0,
            "det_name": "Printer3D_Body",
            "det_x": 0.49816668033599854,
            "det_y": 0.4881249964237213,
            "det_w": 0.05533333495259285,
            "det_h": 0.14225000143051147,
            "det_score": 0.2829519212245941
        },
        {
            "det_cat": 0,
            "det_name": "Printer3D_Body",
            "det_x": 0.7855833172798157,
            "det_y": 0.5991250276565552,
            "det_w": 0.12416666746139526,
            "det_h": 0.1847500056028366,
            "det_score": 0.2842196822166443
        }
    ],
    "img_path": "/data/home/mike/advanced_project2/dataset/machines/IMG_0363.JPG",
    "img_name": "IMG_0363",
    "img_id": "71592942e802775237283223c5dc4d6a599717dcee5c3753f6b3b839e56123aa"
}