{
    "detection": [
        {
            "det_cat": 21,
            "det_name": "MillingMachine_WorkTable",
            "det_x": 0.4828333258628845,
            "det_y": 0.6712499856948853,
            "det_w": 0.32233333587646484,
            "det_h": 0.1899999976158142,
            "det_score": 0.2779698967933655
        },
        {
            "det_cat": 18,
            "det_name": "MillingMachine_Controls",
            "det_x": 0.37541666626930237,
            "det_y": 0.2240000069141388,
            "det_w": 0.1081666648387909,
            "det_h": 0.3815000057220459,
            "det_score": 0.3452267050743103
        }
    ],
    "img_path": "/data/home/mike/advanced_project2/dataset/machines/IMG_0903.JPG",
    "img_name": "IMG_0903",
    "img_id": "c10f293049d7980e3acbaaae8c39f535aed2c63128f92ae7c8e190dcba2c363a"
}