{
    "detection": [
        {
            "det_cat": 6,
            "det_name": "Conveyors_Bed",
            "det_x": 0.2680000066757202,
            "det_y": 0.48350000381469727,
            "det_w": 0.43799999356269836,
            "det_h": 0.6154999732971191,
            "det_score": 0.47163626551628113
        },
        {
            "det_cat": 5,
            "det_name": "Conveyors_BaseRoller",
            "det_x": 0.6692500114440918,
            "det_y": 0.7237499952316284,
            "det_w": 0.5121666789054871,
            "det_h": 0.4284999966621399,
            "det_score": 0.48038995265960693
        },
        {
            "det_cat": 6,
            "det_name": "Conveyors_Bed",
            "det_x": 0.4358333349227905,
            "det_y": 0.4647499918937683,
            "det_w": 0.41100001335144043,
            "det_h": 0.531499981880188,
            "det_score": 0.4829206168651581
        }
    ],
    "img_path": "/data/home/mike/advanced_project2/dataset/machines/IMG_0531.JPG",
    "img_name": "IMG_0531",
    "img_id": "2924a05af584fc65c2078e4507b13829469c0a33a116dfdcbd885d1c83521ad1"
}