{
    "detection": [
        {
            "det_cat": 23,
            "det_name": "Robot_Head",
            "det_x": 0.7677500247955322,
            "det_y": 0.4244999885559082,
            "det_w": 0.10783333331346512,
            "det_h": 0.257999986410141,
            "det_score": 0.28083351254463196
        },
        {
            "det_cat": 24,
            "det_name": "Robot_UpperArm",
            "det_x": 0.7136666774749756,
            "det_y": 0.1547500044107437,
            "det_w": 0.2096666693687439,
            "det_h": 0.27399998903274536,
            "det_score": 0.45433491468429565
        },
        {
            "det_cat": 22,
            "det_name": "Robot_BaseArm",
            "det_x": 0.5518333315849304,
            "det_y": 0.429500013589859,
            "det_w": 0.12700000405311584,
            "det_h": 0.5519999861717224,
            "det_score": 0.5238682627677917
        },
        {
            "det_cat": 24,
            "det_name": "Robot_UpperArm",
            "det_x": 0.6259166598320007,
            "det_y": 0.27262499928474426,
            "det_w": 0.2985000014305115,
            "det_h": 0.27024999260902405,
            "det_score": 0.574083685874939
        }
    ],
    "img_path": "/data/home/mike/advanced_project2/dataset/machines/IMG_0602.JPG",
    "img_name": "IMG_0602",
    "img_id": "40899c3416456a86ee5f152abbdfcadf98a069c28ab375a389d01cac54e093ad"
}