{
    "detection": [
        {
            "det_cat": 22,
            "det_name": "Robot_BaseArm",
            "det_x": 0.46775001287460327,
            "det_y": 0.8662499785423279,
            "det_w": 0.06183333322405815,
            "det_h": 0.26499998569488525,
            "det_score": 0.2544357180595398
        },
        {
            "det_cat": 21,
            "det_name": "MillingMachine_WorkTable",
            "det_x": 0.42524999380111694,
            "det_y": 0.7020000219345093,
            "det_w": 0.2691666781902313,
            "det_h": 0.1509999930858612,
            "det_score": 0.3229909837245941
        },
        {
            "det_cat": 18,
            "det_name": "MillingMachine_Controls",
            "det_x": 0.3919999897480011,
            "det_y": 0.3021250069141388,
            "det_w": 0.11033333092927933,
            "det_h": 0.3267500102519989,
            "det_score": 0.5304090976715088
        }
    ],
    "img_path": "/data/home/mike/advanced_project2/dataset/machines/IMG_0895.JPG",
    "img_name": "IMG_0895",
    "img_id": "2f747cd883f965951c92cc89c6c1c4b9e28bf1c595b68d4e5cf5ee63cb78e708"
}