{
    "detection": [
        {
            "det_cat": 23,
            "det_name": "Robot_Head",
            "det_x": 0.6704166531562805,
            "det_y": 0.4467499852180481,
            "det_w": 0.08216666430234909,
            "det_h": 0.09749999642372131,
            "det_score": 0.43142759799957275
        },
        {
            "det_cat": 22,
            "det_name": "Robot_BaseArm",
            "det_x": 0.5495833158493042,
            "det_y": 0.6144999861717224,
            "det_w": 0.29116666316986084,
            "det_h": 0.43849998712539673,
            "det_score": 0.6814010143280029
        },
        {
            "det_cat": 23,
            "det_name": "Robot_Head",
            "det_x": 0.668833315372467,
            "det_y": 0.4490000009536743,
            "det_w": 0.13633333146572113,
            "det_h": 0.1014999970793724,
            "det_score": 0.6884465217590332
        },
        {
            "det_cat": 24,
            "det_name": "Robot_UpperArm",
            "det_x": 0.5714166760444641,
            "det_y": 0.37812501192092896,
            "det_w": 0.31850001215934753,
            "det_h": 0.22374999523162842,
            "det_score": 0.7503660321235657
        }
    ],
    "img_path": "/data/home/mike/advanced_project2/dataset/machines/IMG_0303.JPG",
    "img_name": "IMG_0303",
    "img_id": "09dfb60174dbd95544330533db01d138b9950375e4264c512f7bc9165c2160ed"
}