{
    "detection": [
        {
            "det_cat": 6,
            "det_name": "Conveyors_Bed",
            "det_x": 0.7229166626930237,
            "det_y": 0.6462500095367432,
            "det_w": 0.2058333307504654,
            "det_h": 0.13300000131130219,
            "det_score": 0.26321130990982056
        },
        {
            "det_cat": 5,
            "det_name": "Conveyors_BaseRoller",
            "det_x": 0.4585833251476288,
            "det_y": 0.796875,
            "det_w": 0.35249999165534973,
            "det_h": 0.17125000059604645,
            "det_score": 0.28300753235816956
        },
        {
            "det_cat": 6,
            "det_name": "Conveyors_Bed",
            "det_x": 0.5360000133514404,
            "det_y": 0.6606249809265137,
            "det_w": 0.19966666400432587,
            "det_h": 0.21525000035762787,
            "det_score": 0.4763137102127075
        }
    ],
    "img_path": "/data/home/mike/advanced_project2/dataset/machines/IMG_0485.JPG",
    "img_name": "IMG_0485",
    "img_id": "c1beffae1a474f750245731d1f24c54f6cc06b39cc70ae7dc3b4192b14c4e4d8"
}