{
    "detection": [
        {
            "det_cat": 21,
            "det_name": "MillingMachine_WorkTable",
            "det_x": 0.43008333444595337,
            "det_y": 0.5366250276565552,
            "det_w": 0.16816666722297668,
            "det_h": 0.10575000196695328,
            "det_score": 0.2800813317298889
        },
        {
            "det_cat": 18,
            "det_name": "MillingMachine_Controls",
            "det_x": 0.4595000147819519,
            "det_y": 0.304500013589859,
            "det_w": 0.08833333104848862,
            "det_h": 0.23649999499320984,
            "det_score": 0.29971158504486084
        },
        {
            "det_cat": 18,
            "det_name": "MillingMachine_Controls",
            "det_x": 0.46299999952316284,
            "det_y": 0.30399999022483826,
            "det_w": 0.06233333423733711,
            "det_h": 0.17949999868869781,
            "det_score": 0.39162930846214294
        }
    ],
    "img_path": "/data/home/mike/advanced_project2/dataset/machines/IMG_0757.JPG",
    "img_name": "IMG_0757",
    "img_id": "e13027aa6a27261851f3e002a9e170d5f1b4d969ccab0e3214f9b7fe3d0d256f"
}