{
    "detection": [
        {
            "det_cat": 24,
            "det_name": "Robot_UpperArm",
            "det_x": 0.6381666660308838,
            "det_y": 0.36387500166893005,
            "det_w": 0.16699999570846558,
            "det_h": 0.19325000047683716,
            "det_score": 0.2997499704360962
        },
        {
            "det_cat": 24,
            "det_name": "Robot_UpperArm",
            "det_x": 0.6068333387374878,
            "det_y": 0.2658750116825104,
            "det_w": 0.16866666078567505,
            "det_h": 0.21774999797344208,
            "det_score": 0.5068985223770142
        },
        {
            "det_cat": 22,
            "det_name": "Robot_BaseArm",
            "det_x": 0.6129166483879089,
            "det_y": 0.6439999938011169,
            "det_w": 0.28816667199134827,
            "det_h": 0.7039999961853027,
            "det_score": 0.601837158203125
        },
        {
            "det_cat": 23,
            "det_name": "Robot_Head",
            "det_x": 0.6419166922569275,
            "det_y": 0.37412500381469727,
            "det_w": 0.1991666704416275,
            "det_h": 0.13224999606609344,
            "det_score": 0.6972056031227112
        }
    ],
    "img_path": "/data/home/mike/advanced_project2/dataset/machines/IMG_0328.JPG",
    "img_name": "IMG_0328",
    "img_id": "242a7e75ab96ccd7c03bf390370f585f3b6aa3d1292f5587abd6117474870fbf"
}