{
    "detection": [
        {
            "det_cat": 0,
            "det_name": "Printer3D_Body",
            "det_x": 0.6353333592414856,
            "det_y": 0.43700000643730164,
            "det_w": 0.17800000309944153,
            "det_h": 0.390500009059906,
            "det_score": 0.2885686457157135
        },
        {
            "det_cat": 0,
            "det_name": "Printer3D_Body",
            "det_x": 0.7730833292007446,
            "det_y": 0.5711249709129333,
            "det_w": 0.1368333399295807,
            "det_h": 0.18975000083446503,
            "det_score": 0.35611939430236816
        },
        {
            "det_cat": 0,
            "det_name": "Printer3D_Body",
            "det_x": 0.46799999475479126,
            "det_y": 0.44075000286102295,
            "det_w": 0.12566666305065155,
            "det_h": 0.3005000054836273,
            "det_score": 0.37610775232315063
        }
    ],
    "img_path": "/data/home/mike/advanced_project2/dataset/machines/IMG_0365.JPG",
    "img_name": "IMG_0365",
    "img_id": "9c63b1c8d66ffb20926201b958d4bfd564ced3234ec666ae78b10a211ee07d04"
}