{
    "detection": [
        {
            "det_cat": 1,
            "det_name": "Printer3D_Filament",
            "det_x": 0.9519166946411133,
            "det_y": 0.5879999995231628,
            "det_w": 0.09616667032241821,
            "det_h": 0.10750000178813934,
            "det_score": 0.26591891050338745
        },
        {
            "det_cat": 0,
            "det_name": "Printer3D_Body",
            "det_x": 0.6038333177566528,
            "det_y": 0.44749999046325684,
            "det_w": 0.2916666567325592,
            "det_h": 0.5410000085830688,
            "det_score": 0.3993123173713684
        },
        {
            "det_cat": 0,
            "det_name": "Printer3D_Body",
            "det_x": 0.7776666879653931,
            "det_y": 0.4598749876022339,
            "det_w": 0.24300000071525574,
            "det_h": 0.40525001287460327,
            "det_score": 0.49036163091659546
        },
        {
            "det_cat": 0,
            "det_name": "Printer3D_Body",
            "det_x": 0.878166675567627,
            "det_y": 0.5198749899864197,
            "det_w": 0.13500000536441803,
            "det_h": 0.2032500058412552,
            "det_score": 0.5421457290649414
        }
    ],
    "img_path": "/data/home/mike/advanced_project2/dataset/machines/IMG_0369.JPG",
    "img_name": "IMG_0369",
    "img_id": "fb474d72e6f885e0c6235608f88c6f420a8b1d1fd6c0b65fc8ae557797009cae"
}