{
    "detection": [
        {
            "det_cat": 24,
            "det_name": "Robot_UpperArm",
            "det_x": 0.6100000143051147,
            "det_y": 0.23462499678134918,
            "det_w": 0.14800000190734863,
            "det_h": 0.2382500022649765,
            "det_score": 0.2794840931892395
        },
        {
            "det_cat": 22,
            "det_name": "Robot_BaseArm",
            "det_x": 0.6184166669845581,
            "det_y": 0.6305000185966492,
            "det_w": 0.2644999921321869,
            "det_h": 0.7390000224113464,
            "det_score": 0.5683423280715942
        },
        {
            "det_cat": 23,
            "det_name": "Robot_Head",
            "det_x": 0.6352499723434448,
            "det_y": 0.3528749942779541,
            "det_w": 0.20749999582767487,
            "det_h": 0.14824999868869781,
            "det_score": 0.6249741911888123
        }
    ],
    "img_path": "/data/home/mike/advanced_project2/dataset/machines/IMG_0329.JPG",
    "img_name": "IMG_0329",
    "img_id": "ef8b3e6aad89e5088af94652ff100cd56eddd03ea7172e1a008fd377d719b6b9"
}