{
    "detection": [
        {
            "det_cat": 18,
            "det_name": "MillingMachine_Controls",
            "det_x": 0.7010833621025085,
            "det_y": 0.39750000834465027,
            "det_w": 0.08150000125169754,
            "det_h": 0.2475000023841858,
            "det_score": 0.2945570945739746
        },
        {
            "det_cat": 18,
            "det_name": "MillingMachine_Controls",
            "det_x": 0.5727499723434448,
            "det_y": 0.41324999928474426,
            "det_w": 0.031833332031965256,
            "det_h": 0.09149999916553497,
            "det_score": 0.3200462758541107
        },
        {
            "det_cat": 21,
            "det_name": "MillingMachine_WorkTable",
            "det_x": 0.7520833611488342,
            "det_y": 0.7117499709129333,
            "det_w": 0.2081666737794876,
            "det_h": 0.10999999940395355,
            "det_score": 0.34016743302345276
        }
    ],
    "img_path": "/data/home/mike/advanced_project2/dataset/machines/IMG_0792.JPG",
    "img_name": "IMG_0792",
    "img_id": "91c918b4b68bfc8ff042b663470013714f0fee63e62f7d20c930ac5b63fa86eb"
}