{
    "detection": [
        {
            "det_cat": 23,
            "det_name": "Robot_Head",
            "det_x": 0.9545000195503235,
            "det_y": 0.26487499475479126,
            "det_w": 0.08866667002439499,
            "det_h": 0.08224999904632568,
            "det_score": 0.2554929256439209
        },
        {
            "det_cat": 23,
            "det_name": "Robot_Head",
            "det_x": 0.9492499828338623,
            "det_y": 0.25824999809265137,
            "det_w": 0.1014999970793724,
            "det_h": 0.11699999868869781,
            "det_score": 0.36659005284309387
        },
        {
            "det_cat": 24,
            "det_name": "Robot_UpperArm",
            "det_x": 0.9451666474342346,
            "det_y": 0.12700000405311584,
            "det_w": 0.10966666787862778,
            "det_h": 0.24699999392032623,
            "det_score": 0.3917553424835205
        }
    ],
    "img_path": "/data/home/mike/advanced_project2/dataset/machines/IMG_0591.JPG",
    "img_name": "IMG_0591",
    "img_id": "783a6bccad3345e94749356269bb0d0e1bafb0c009d2501121f3fa007127a6fd"
}