{
    "detection": [
        {
            "det_cat": 21,
            "det_name": "MillingMachine_WorkTable",
            "det_x": 0.5079166889190674,
            "det_y": 0.5117499828338623,
            "det_w": 0.14550000429153442,
            "det_h": 0.08799999952316284,
            "det_score": 0.29133668541908264
        },
        {
            "det_cat": 18,
            "det_name": "MillingMachine_Controls",
            "det_x": 0.49566665291786194,
            "det_y": 0.28700000047683716,
            "det_w": 0.041999999433755875,
            "det_h": 0.17100000381469727,
            "det_score": 0.3765987157821655
        },
        {
            "det_cat": 18,
            "det_name": "MillingMachine_Controls",
            "det_x": 0.4958333373069763,
            "det_y": 0.2854999899864197,
            "det_w": 0.05900000035762787,
            "det_h": 0.2290000021457672,
            "det_score": 0.5086783170700073
        }
    ],
    "img_path": "/data/home/mike/advanced_project2/dataset/machines/IMG_0950.JPG",
    "img_name": "IMG_0950",
    "img_id": "2a52a414f543685c23e5dd4e7b9c76cf2dead93d60b4a7fa0d95677062ec316d"
}