{
    "detection": [
        {
            "det_cat": 24,
            "det_name": "Robot_UpperArm",
            "det_x": 0.9552500247955322,
            "det_y": 0.26499998569488525,
            "det_w": 0.08950000256299973,
            "det_h": 0.23549999296665192,
            "det_score": 0.26430821418762207
        },
        {
            "det_cat": 21,
            "det_name": "MillingMachine_WorkTable",
            "det_x": 0.5584166646003723,
            "det_y": 0.699999988079071,
            "det_w": 0.281166672706604,
            "det_h": 0.1860000044107437,
            "det_score": 0.3375762104988098
        },
        {
            "det_cat": 18,
            "det_name": "MillingMachine_Controls",
            "det_x": 0.6117500066757202,
            "det_y": 0.3370000123977661,
            "det_w": 0.11150000244379044,
            "det_h": 0.31150001287460327,
            "det_score": 0.45804712176322937
        }
    ],
    "img_path": "/data/home/mike/advanced_project2/dataset/machines/IMG_0882.JPG",
    "img_name": "IMG_0882",
    "img_id": "b86d90d1f161af5f732be00dd5feb1502a4779562e301c91c4436c0a5c2db5a8"
}