{
    "detection": [
        {
            "det_cat": 0,
            "det_name": "Printer3D_Body",
            "det_x": 0.637583315372467,
            "det_y": 0.49137499928474426,
            "det_w": 0.14383333921432495,
            "det_h": 0.46775001287460327,
            "det_score": 0.2896248400211334
        },
        {
            "det_cat": 1,
            "det_name": "Printer3D_Filament",
            "det_x": 0.4690000116825104,
            "det_y": 0.546750009059906,
            "det_w": 0.11800000071525574,
            "det_h": 0.11100000143051147,
            "det_score": 0.34801191091537476
        },
        {
            "det_cat": 23,
            "det_name": "Robot_Head",
            "det_x": 0.4957500100135803,
            "det_y": 0.07124999910593033,
            "det_w": 0.12950000166893005,
            "det_h": 0.10750000178813934,
            "det_score": 0.4258352816104889
        }
    ],
    "img_path": "/data/home/mike/advanced_project2/dataset/machines/IMG_0360.JPG",
    "img_name": "IMG_0360",
    "img_id": "c6a4c24c098db95a394168ffee0000d1a480f7e371f963944ba59d94cb02d829"
}