{
    "detection": [
        {
            "det_cat": 23,
            "det_name": "Robot_Head",
            "det_x": 0.10499999672174454,
            "det_y": 0.4713749885559082,
            "det_w": 0.07133333384990692,
            "det_h": 0.051249999552965164,
            "det_score": 0.26244327425956726
        },
        {
            "det_cat": 23,
            "det_name": "Robot_Head",
            "det_x": 0.10216666758060455,
            "det_y": 0.46837499737739563,
            "det_w": 0.09366666525602341,
            "det_h": 0.07774999737739563,
            "det_score": 0.3198676109313965
        },
        {
            "det_cat": 21,
            "det_name": "MillingMachine_WorkTable",
            "det_x": 0.6793333292007446,
            "det_y": 0.6463750004768372,
            "det_w": 0.16866666078567505,
            "det_h": 0.14875000715255737,
            "det_score": 0.4070310890674591
        }
    ],
    "img_path": "/data/home/mike/advanced_project2/dataset/machines/IMG_0675.JPG",
    "img_name": "IMG_0675",
    "img_id": "e257e0d3cbbbaec483d114a7f82026842afbabff1cd55bdf4201ea30ac3cf69e"
}