{
    "detection": [
        {
            "det_cat": 0,
            "det_name": "Printer3D_Body",
            "det_x": 0.7407500147819519,
            "det_y": 0.45399999618530273,
            "det_w": 0.0911666676402092,
            "det_h": 0.29100000858306885,
            "det_score": 0.25276029109954834
        },
        {
            "det_cat": 0,
            "det_name": "Printer3D_Body",
            "det_x": 0.765999972820282,
            "det_y": 0.45500001311302185,
            "det_w": 0.15033333003520966,
            "det_h": 0.27799999713897705,
            "det_score": 0.280162513256073
        },
        {
            "det_cat": 0,
            "det_name": "Printer3D_Body",
            "det_x": 0.8068333268165588,
            "det_y": 0.4716250002384186,
            "det_w": 0.09399999678134918,
            "det_h": 0.29074999690055847,
            "det_score": 0.29957816004753113
        }
    ],
    "img_path": "/data/home/mike/advanced_project2/dataset/machines/IMG_0921.JPG",
    "img_name": "IMG_0921",
    "img_id": "d249f3903f971681fd79510d8fc604225ca5213b7b8ba4de676b1d74e5c65d34"
}