{
    "detection": [
        {
            "det_cat": 23,
            "det_name": "Robot_Head",
            "det_x": 0.6680833101272583,
            "det_y": 0.3734999895095825,
            "det_w": 0.28316667675971985,
            "det_h": 0.2329999953508377,
            "det_score": 0.4066482484340668
        },
        {
            "det_cat": 24,
            "det_name": "Robot_UpperArm",
            "det_x": 0.5529166460037231,
            "det_y": 0.22187499701976776,
            "det_w": 0.43849998712539673,
            "det_h": 0.28174999356269836,
            "det_score": 0.4577900171279907
        },
        {
            "det_cat": 22,
            "det_name": "Robot_BaseArm",
            "det_x": 0.5249999761581421,
            "det_y": 0.6388750076293945,
            "det_w": 0.45633333921432495,
            "det_h": 0.7222499847412109,
            "det_score": 0.6240251064300537
        },
        {
            "det_cat": 24,
            "det_name": "Robot_UpperArm",
            "det_x": 0.534166693687439,
            "det_y": 0.22474999725818634,
            "det_w": 0.45233333110809326,
            "det_h": 0.44350001215934753,
            "det_score": 0.6615750193595886
        }
    ],
    "img_path": "/data/home/mike/advanced_project2/dataset/machines/IMG_0332.JPG",
    "img_name": "IMG_0332",
    "img_id": "9a367125da32c33cc90c28590285a7c9042e95384333f77c6024aafd3f90d790"
}