{
    "detection": [
        {
            "det_cat": 21,
            "det_name": "MillingMachine_WorkTable",
            "det_x": 0.5838333368301392,
            "det_y": 0.5633749961853027,
            "det_w": 0.2796666622161865,
            "det_h": 0.23925000429153442,
            "det_score": 0.2509672939777374
        },
        {
            "det_cat": 18,
            "det_name": "MillingMachine_Controls",
            "det_x": 0.4872500002384186,
            "det_y": 0.2524999976158142,
            "det_w": 0.07349999994039536,
            "det_h": 0.33899998664855957,
            "det_score": 0.3178586959838867
        }
    ],
    "img_path": "/data/home/mike/advanced_project2/dataset/machines/IMG_0969.JPG",
    "img_name": "IMG_0969",
    "img_id": "a7b049111f735f8e2578c7f3b6360685deec8f1d24f9246392857ff13833cc4f"
}