{
    "detection": [
        {
            "det_cat": 18,
            "det_name": "MillingMachine_Controls",
            "det_x": 0.5788333415985107,
            "det_y": 0.257999986410141,
            "det_w": 0.07666666805744171,
            "det_h": 0.1875,
            "det_score": 0.27283725142478943
        },
        {
            "det_cat": 21,
            "det_name": "MillingMachine_WorkTable",
            "det_x": 0.7751666903495789,
            "det_y": 0.5763750076293945,
            "det_w": 0.23133333027362823,
            "det_h": 0.12925000488758087,
            "det_score": 0.38115113973617554
        },
        {
            "det_cat": 18,
            "det_name": "MillingMachine_Controls",
            "det_x": 0.5771666765213013,
            "det_y": 0.24799999594688416,
            "det_w": 0.04100000113248825,
            "det_h": 0.11949999630451202,
            "det_score": 0.4391763210296631
        }
    ],
    "img_path": "/data/home/mike/advanced_project2/dataset/machines/IMG_0740.JPG",
    "img_name": "IMG_0740",
    "img_id": "290c8996609814f521b454cb24ce56c87b345b45d9e3b14a09cb71eb10232a49"
}