{
    "detection": [
        {
            "det_cat": 22,
            "det_name": "Robot_BaseArm",
            "det_x": 0.4469166696071625,
            "det_y": 0.7928749918937683,
            "det_w": 0.16516666114330292,
            "det_h": 0.414249986410141,
            "det_score": 0.2696893811225891
        },
        {
            "det_cat": 21,
            "det_name": "MillingMachine_WorkTable",
            "det_x": 0.40716665983200073,
            "det_y": 0.5976250171661377,
            "det_w": 0.22766666114330292,
            "det_h": 0.1262499988079071,
            "det_score": 0.32677605748176575
        },
        {
            "det_cat": 18,
            "det_name": "MillingMachine_Controls",
            "det_x": 0.40066665410995483,
            "det_y": 0.3007499873638153,
            "det_w": 0.09333333373069763,
            "det_h": 0.26100000739097595,
            "det_score": 0.5969522595405579
        }
    ],
    "img_path": "/data/home/mike/advanced_project2/dataset/machines/IMG_0896.JPG",
    "img_name": "IMG_0896",
    "img_id": "864b4403f3f0f0f21725ecbde8ecdf4c36ee56568b1060b48145e98c35b969ae"
}