{
    "detection": [
        {
            "det_cat": 21,
            "det_name": "MillingMachine_WorkTable",
            "det_x": 0.4892500042915344,
            "det_y": 0.590624988079071,
            "det_w": 0.14683333039283752,
            "det_h": 0.10175000131130219,
            "det_score": 0.31460508704185486
        },
        {
            "det_cat": 18,
            "det_name": "MillingMachine_Controls",
            "det_x": 0.48391667008399963,
            "det_y": 0.33500000834465027,
            "det_w": 0.08250000327825546,
            "det_h": 0.257999986410141,
            "det_score": 0.5260995626449585
        },
        {
            "det_cat": 18,
            "det_name": "MillingMachine_Controls",
            "det_x": 0.484416663646698,
            "det_y": 0.3305000066757202,
            "det_w": 0.054499998688697815,
            "det_h": 0.20600000023841858,
            "det_score": 0.5367043614387512
        }
    ],
    "img_path": "/data/home/mike/advanced_project2/dataset/machines/IMG_0949.JPG",
    "img_name": "IMG_0949",
    "img_id": "c0660cd7f3c773d05ff24b8b0e1af53b1556e61d93852bd12e81a3f30463804c"
}