{
    "detection": [
        {
            "det_cat": 18,
            "det_name": "MillingMachine_Controls",
            "det_x": 0.5647500157356262,
            "det_y": 0.3878749907016754,
            "det_w": 0.0338333323597908,
            "det_h": 0.11025000363588333,
            "det_score": 0.4106614291667938
        },
        {
            "det_cat": 21,
            "det_name": "MillingMachine_WorkTable",
            "det_x": 0.7485833168029785,
            "det_y": 0.7020000219345093,
            "det_w": 0.30016666650772095,
            "det_h": 0.1274999976158142,
            "det_score": 0.4424217939376831
        },
        {
            "det_cat": 18,
            "det_name": "MillingMachine_Controls",
            "det_x": 0.7135000228881836,
            "det_y": 0.375,
            "det_w": 0.13099999725818634,
            "det_h": 0.29899999499320984,
            "det_score": 0.502984881401062
        }
    ],
    "img_path": "/data/home/mike/advanced_project2/dataset/machines/IMG_0780.JPG",
    "img_name": "IMG_0780",
    "img_id": "83244ffd951d37e431b466ed97afc05d713657c138ebc1f6350e233e58d9ef6c"
}