{
    "detection": [
        {
            "det_cat": 6,
            "det_name": "Conveyors_Bed",
            "det_x": 0.5227500200271606,
            "det_y": 0.6181250214576721,
            "det_w": 0.27383333444595337,
            "det_h": 0.1472499966621399,
            "det_score": 0.2835536003112793
        },
        {
            "det_cat": 24,
            "det_name": "Robot_UpperArm",
            "det_x": 0.11708333343267441,
            "det_y": 0.26899999380111694,
            "det_w": 0.1081666648387909,
            "det_h": 0.042500000447034836,
            "det_score": 0.4210142195224762
        },
        {
            "det_cat": 24,
            "det_name": "Robot_UpperArm",
            "det_x": 0.1133333370089531,
            "det_y": 0.27399998903274536,
            "det_w": 0.11599999666213989,
            "det_h": 0.07699999958276749,
            "det_score": 0.5064734816551208
        }
    ],
    "img_path": "/data/home/mike/advanced_project2/dataset/machines/IMG_0522.JPG",
    "img_name": "IMG_0522",
    "img_id": "bbb75c25f7e05a1b46990daa9555ba3be1b5027e095735d046cd33795bc8cf70"
}