{
    "detection": [
        {
            "det_cat": 18,
            "det_name": "MillingMachine_Controls",
            "det_x": 0.5509166717529297,
            "det_y": 0.22175000607967377,
            "det_w": 0.117166668176651,
            "det_h": 0.36149999499320984,
            "det_score": 0.3033020496368408
        },
        {
            "det_cat": 21,
            "det_name": "MillingMachine_WorkTable",
            "det_x": 0.637583315372467,
            "det_y": 0.6576250195503235,
            "det_w": 0.2524999976158142,
            "det_h": 0.13725000619888306,
            "det_score": 0.34423238039016724
        }
    ],
    "img_path": "/data/home/mike/advanced_project2/dataset/machines/IMG_0744.JPG",
    "img_name": "IMG_0744",
    "img_id": "03b7643531173cc71078114834a6e451d396e8ff4ff0f071a83f226c7b9a9b63"
}