{
    "detection": [
        {
            "det_cat": 18,
            "det_name": "MillingMachine_Controls",
            "det_x": 0.4727500081062317,
            "det_y": 0.32725000381469727,
            "det_w": 0.11050000041723251,
            "det_h": 0.2460000067949295,
            "det_score": 0.3038758337497711
        },
        {
            "det_cat": 18,
            "det_name": "MillingMachine_Controls",
            "det_x": 0.47316667437553406,
            "det_y": 0.3255000114440918,
            "det_w": 0.07566666603088379,
            "det_h": 0.20749999582767487,
            "det_score": 0.42033764719963074
        },
        {
            "det_cat": 21,
            "det_name": "MillingMachine_WorkTable",
            "det_x": 0.43299999833106995,
            "det_y": 0.5820000171661377,
            "det_w": 0.18933333456516266,
            "det_h": 0.09200000017881393,
            "det_score": 0.44198188185691833
        }
    ],
    "img_path": "/data/home/mike/advanced_project2/dataset/machines/IMG_0755.JPG",
    "img_name": "IMG_0755",
    "img_id": "c14c7cad9cadd0283e49438603854464de5e3734407de4b6393bd1dd86f24132"
}